observation_id,observation_reference,observation_date,observation_time,observation_location,observation_region_euring,observation_region_name,observation_lat,observation_lon,animal_project,bird_species,bird_species_euring,bird_id,bird_reference,bird_shorthand,bird_ring_description,bird_sex,bird_birth_year,bird_age_ringing,observation_is_capture,observation_is_certain,observation_condition,observation_notes,user_id,user_name,co_observers,inserted,observation_status,observation_status_reason,admin_notes,custom:status full-grown bird
4755742,,2026-07-17,18:40:56,"Oostvaardersplassen, Hoekplas",NL17,Flevoland,52.490006893668095,5.400344878435135,"Pied Avocet, white ring with 4 letters (first=E)",Pied Avocet,4560,,,,LAWN(EHPJ),,,,N,Y,alive and healthy,,551,Maarten Hotting,,2026-07-17,neutral,,,unknown or unrecorded
4746355,,2026-06-22,10:00:00,"Kieldrecht, De Putten",BL27,Oost-Vlaanderen,51.289395167196126,4.218412423574188,"Pied Avocet, white ring with 4 letters (first=E)",Pied Avocet,4560,26226,4586,W-EAUH,LBWN(EAUH),U,2015,pullus,N,Y,alive and healthy,,842,Geert Spanoghe,,2026-06-23,neutral,,,
4745010,,2026-06-18,20:09:05,"Zierikzee, Gasthuisbevang",NL18,Zeeland,51.66828191873181,3.8971300050616264,"Pied Avocet, white ring with 4 letters (first=E)",Pied Avocet,4560,,,,??WN(EHTT),,,,N,Y,alive and healthy,met 2 jongen,834,Maarten Sluijter,,2026-06-18,neutral,,,breeding bird
4744695,,2026-06-17,20:43:00,"Zierikzee, Gasthuisbevang",NL18,Zeeland,51.66834596505012,3.8976476714015003,"Pied Avocet, white ring with 4 letters (first=E)",Pied Avocet,4560,,,,LAWN(EHTT),,,,N,Y,alive and healthy,,834,Maarten Sluijter,,2026-06-17,neutral,,,unknown or unrecorded
4743559,,2026-06-12,16:00:00,"Doel, Doeldok",BL27,Oost-Vlaanderen,51.29304508586963,4.245462623547583,"Pied Avocet, white ring with 4 letters (first=E)",Pied Avocet,4560,26203,3130,W-EAXA,LBWN(EAXA),U,2017,pullus,N,Y,alive and healthy,met 2 vliegvlugge jongen,842,Geert Spanoghe,,2026-06-15,neutral,,,
4736895,,2026-05-18,05:30:00,"Ijlst,  Ruiterpolder",NL05,Friesland,53.00440689252074,5.616103447973728,"Pied Avocet, white ring with 4 letters (first=E)",Pied Avocet,4560,,,,LAWN(EHHP),,,,N,Y,alive and healthy,"broedvogel op deze locatie. 
Aflezing d.m.v. nestcamera",9257,Atser Sybrandy,,2026-05-26,neutral,,,unknown or unrecorded
4704215,,2026-03-24,17:00:00,Papeschor Sas van Gent,NL18,Zeeland,51.250884671725444,3.8190804577508217,"Pied Avocet, white ring with 4 letters (first=E)",Pied Avocet,4560,26180,871,W-EAHM,LBWN(EAHM),U,2012,pullus,N,Y,alive and healthy,,19815,Svenw,,2026-03-24,neutral,,,breeding bird
4700401,,2026-03-18,12:34:23,"Den Inkel, Zeedijk",NL18,Westerschelde - Zeeland,51.42802953596008,4.047450721263885,"Pied Avocet, white ring with 4 letters (first=E)",Pied Avocet,4560,26227,4774,W-EAPA,LBWN(EAPA),U,2015,pullus,N,Y,alive and healthy,,834,Maarten Sluijter,,2026-03-18,neutral,,,not a breeding bird
4674469,,2026-02-05,14:06:00,"Alcochete, Sitio das Hortas (Tagus Estuary)",PO14,Santarém,38.76221949988567,-8.938936963677406,"Pied Avocet, white ring with 4 letters (first=E)",Pied Avocet,4560,26222,4582,W-EASV,LBWN(EASV),U,2015,pullus,N,Y,alive and healthy,,551,Maarten Hotting,,2026-02-05,neutral,,,unknown or unrecorded
4674475,,2026-02-05,14:03:48,"Tagus Estuary, Sitio das Hortas, Alcochete, Portugal",PO14,Santarém,38.7616751966219,-8.938144035637379,"Pied Avocet, white ring with 4 letters (first=E)",Pied Avocet,4560,26222,4582,W-EASV,LBWN(EASV),U,2015,pullus,N,Y,alive and healthy,,1306,Kees de Jager,,2026-02-06,neutral,,,unknown or unrecorded
4666099,,2026-01-15,,"réserve ornithologique du teich, bassin d'arcachon, FRANCE",FR34,Gironde,44.64623997761977,-1.030876517220338,"Pied Avocet, white ring with 4 letters (first=E)",Pied Avocet,4560,,,,LAWN(EAYL),,,,N,Y,alive and healthy,,9090,ROT Réserve ornithologique,,2026-01-17,neutral,,,
4671478,,2025-12-21,,Rivière de Noyalo (RNNMS) - Séné,FR38,Morbihan,47.61186283176988,-2.693838929642812,"Pied Avocet, white ring with 4 letters (first=E)",Pied Avocet,4560,26251,6911,W-EAKE,LBWN(EAKE),U,2010,pullus,N,Y,alive and healthy,,480,François Le Gall,,2026-01-29,neutral,,,unknown or unrecorded
4616363,,2025-09-14,18:43:27,"Oostvaardersplassen, Hoekplas",NL17,Flevoland,52.48591615863612,5.404290743172169,"Pied Avocet, white ring with 4 letters (first=E)",Pied Avocet,4560,,,,LAWN(EARX),,,,N,N,alive and healthy,,551,Maarten Hotting,,2025-09-14,neutral,,,unknown or unrecorded
4616095,,2025-09-13,,Loir de Chanteloup,FR39,Vendée,46.54863743037613,-1.7927274913969928,"Pied Avocet, white ring with 4 letters (first=E)",Pied Avocet,4560,,,,??WN(EHNP),,,,N,Y,alive and healthy,Seen by Pascal Bonnin,842,Geert Spanoghe,,2025-09-13,neutral,,,
4608513,,2025-08-20,,De blikken,NL18,Zeeland,51.35704953733759,3.497965648898755,"Pied Avocet, white ring with 4 letters (first=E)",Pied Avocet,4560,,,,LAWN(EHHK),,,,N,Y,alive and healthy,,3648,Camilla Dreef,,2025-08-21,neutral,,,unknown or unrecorded
4608523,,2025-08-18,12:04:35,De blikken,NL18,Zeeland,51.356922107748595,3.498064441484973,"Pied Avocet, white ring with 4 letters (first=E)",Pied Avocet,4560,,,,LAWN(EHHJ),,,,N,Y,alive and healthy,EHHK ook aanwezig,3648,Camilla Dreef,,2025-08-21,neutral,,,unknown or unrecorded
4607654,,2025-08-18,09:49:10,De blikken,NL18,Zeeland,51.35704953733759,3.497965648898755,"Pied Avocet, white ring with 4 letters (first=E)",Pied Avocet,4560,,,,LAWN(EHHK),,,,N,Y,alive and healthy,"±200 kluten, EHHJ was ook aanwezig",3648,Camilla Dreef,,2025-08-18,neutral,,,unknown or unrecorded
4595111,,2025-07-03,16:59:00,"Kieldrecht, De Putten",BL27,Oost-Vlaanderen,51.29042576184634,4.218081294120651,"Pied Avocet, white ring with 4 letters (first=E)",Pied Avocet,4560,26227,4774,W-EAPA,LBWN(EAPA),U,2015,pullus,N,Y,alive and healthy,met 2 pulli van een week,842,Geert Spanoghe,,2025-07-14,neutral,,,
4582519,,2025-06-13,14:52:19,"Jacobspolder, Baarland",NL18,Zeeland,51.395724002908324,3.890372514724732,"Pied Avocet, white ring with 4 letters (first=E)",Pied Avocet,4560,26180,871,W-EAHM,LBWN(EAHM),U,2012,pullus,N,Y,alive and healthy,,859,Sander  Lilipaly,,2025-06-13,neutral,,,unknown or unrecorded
4355155,,2025-05-21,13:35:44,Antwerpen Putten West,BL27,Oost-Vlaanderen,51.28618535592409,4.203586466610432,"Pied Avocet, white ring with 4 letters (first=E)",Pied Avocet,4560,26227,4774,W-EAPA,LBWN(EAPA),U,2015,pullus,N,Y,alive and healthy,,33,Jeroen Nagtegaal,,2025-05-21,neutral,,,unknown or unrecorded
4354714,,2025-05-19,15:16:00,Antwerpen Fort Sint Filips,BL20,Antwerpen,51.261184313867105,4.308338327082556,"Pied Avocet, white ring with 4 letters (first=E)",Pied Avocet,4560,,,,LAWN(EHPJ),,,,N,Y,alive and healthy,https://waarnemingen.be/observation/351582629/,6766,Peter Bastiaensen,,2025-05-20,neutral,,,unknown or unrecorded
4352389,,2025-05-15,12:20:41,Rengerskerke,NL18,Zeeland,51.65456726728446,3.890589438378811,"Pied Avocet, white ring with 4 letters (first=E)",Pied Avocet,4560,26204,3167,W-EAXE,LBWN(EAXE),U,2017,pullus,N,Y,alive and healthy,,859,Sander  Lilipaly,,2025-05-15,neutral,,,unknown or unrecorded
4347464,,2025-05-02,,"Knokke, Zwin: Kleyne Vlakte",BL28,West-Vlaanderen,51.35419705936504,3.348400446761382,"Pied Avocet, white ring with 4 letters (first=E)",Pied Avocet,4560,,,,LAWN(EHHK),,,,N,Y,alive and healthy,,16711,Wouter Faveyts,,2025-05-05,neutral,,,
4339440,,2025-04-15,10:00:00,Doelpolder Noord Doel,BL27,Oost-Vlaanderen,51.32846641904897,4.233169449541073,"Pied Avocet, white ring with 4 letters (first=E)",Pied Avocet,4560,26192,2381,W-EAAX,LBWN(EAAX),F,,>4 cy,N,Y,alive and healthy,,2968,Dirk Draulans,,2025-04-15,neutral,,,
4336060,,2025-04-09,10:00:00,Doelpolder Noord Doel,BL27,Oost-Vlaanderen,51.32846641904897,4.233169449541073,"Pied Avocet, white ring with 4 letters (first=E)",Pied Avocet,4560,26185,2291,W-EAHR,LBWN(EAHR),U,2013,pullus,N,Y,alive and healthy,,2968,Dirk Draulans,,2025-04-09,neutral,,,
4331911,,2025-03-29,17:30:00,"Kieldrecht, De Putten",BL27,Oost-Vlaanderen,51.28921266377958,4.218976219508486,"Pied Avocet, white ring with 4 letters (first=E)",Pied Avocet,4560,26195,2507,W-EAPU,LBWN(EAPU),U,2015,pullus,N,Y,alive and healthy,,842,Geert Spanoghe,,2025-03-31,neutral,,,
4324876,,2025-03-12,12:00:00,"Kieldrecht, De Putten",BL27,Oost-Vlaanderen,51.290565320082436,4.214165322153477,"Pied Avocet, white ring with 4 letters (first=E)",Pied Avocet,4560,,,,??WN(EAYL),,,,N,Y,alive and healthy,,842,Geert Spanoghe,,2025-03-20,neutral,,,
1460153,,2024-07-23,,Villafafila,ES19,Zamora,41.859141797891915,-5.565349584515502,"Pied Avocet, white ring with 4 letters (first=E)",Pied Avocet,4560,26192,2381,W-EAAX,LBWN(EAAX),F,,>4 cy,N,Y,alive and healthy,"Daniel Gómez Jambrina, observation transmitted by José Barrueso Franco , jbarru99@yahoo.es",842,Geert Spanoghe,,2024-07-24,trusted,,,unknown or unrecorded
1452421,,2024-06-20,07:20:00,"Middenmeer, Agripoort A7, Wieringermeer",NL14,Noord-Holland,52.791449373105806,5.057539790868759,"Pied Avocet, white ring with 4 letters (first=E)",Pied Avocet,4560,,,,LAWN(EHTT),,,,N,Y,alive and healthy,,2907,Wim Tijsen,,2024-06-20,neutral,,,unknown or unrecorded
1451725,,2024-06-16,15:48:00,Coudorpe,NL18,Zeeland,51.40216141799031,3.78846752000039,"Pied Avocet, white ring with 4 letters (first=E)",Pied Avocet,4560,,,,LAWN(EANL),,,,N,Y,alive and healthy,,659,Hans van der Linden,,2024-06-17,neutral,,,
1449833,,2024-06-07,12:15:00,Hoedekenskerkerpolder,NL18,Zeeland,51.43774192926903,3.923864259959361,"Pied Avocet, white ring with 4 letters (first=E)",Pied Avocet,4560,,,,RAWN(EARX),,,,N,Y,alive and healthy,,659,Hans van der Linden,,2024-06-07,neutral,,,
1474881,,2024-05-23,20:00:00,"Vlieland, Kroon's Polders",NL01,Vlieland,53.262586996313836,4.967063630913184,"Pied Avocet, white ring with 4 letters (first=E)",Pied Avocet,4560,26199,2541,W-EASE,LBWN(EASE),U,2015,pullus,N,Y,alive and healthy,"gepaard met W-L8/G, geringd op Terschelling, Nl in 2021. Tweede foto rechts, partner W-L8 links",12,Peter de Boer,,2024-10-11,neutral,,,"in colony, unknown if breeding"
1443526,,2024-05-06,10:00:00,"Peñaflor de Hornija, Valladolid",ES18,Valladolid,41.7148986331286,-4.986162185668945,"Pied Avocet, white ring with 4 letters (first=E)",Pied Avocet,4560,,,,?BWN(EARL),,,,N,Y,alive and healthy,Observer: Juan Sagardía. Breeding Bird at this place ,7560,Antonio Gutiérrez,,2024-05-10,neutral,,,breeding bird
1442206,,2024-04-29,08:45:14,"Noordervroon, Westkapelle",NL18,Zeeland,51.54376685590948,3.4533776342868805,"Pied Avocet, white ring with 4 letters (first=E)",Pied Avocet,4560,,,,??WN(EHHL),,,,N,Y,alive and healthy,,859,Sander  Lilipaly,,2024-05-02,neutral,,,unknown or unrecorded
1424032,,2024-03-27,09:33:00,Grevelingen-Battenoord Buitendijks,NL19,Zuid-Holland,51.70375698243106,4.129443168640137,"Pied Avocet, white ring with 4 letters (first=E)",Pied Avocet,4560,,,,??WN(EHYP),,,,N,Y,alive and healthy,,9240,Rita Swierstra,,2024-03-27,neutral,,,
1421716,,2024-03-15,,"Knokke, Zwin",BL28,West-Vlaanderen,51.35090044145085,3.367189405253157,"Pied Avocet, white ring with 4 letters (first=E)",Pied Avocet,4560,,,,RAWN(EHHK),,,,N,Y,alive and healthy,,16711,Wouter Faveyts,,2024-03-16,neutral,,,
1421861,,2024-03-15,10:00:00,Putten Weiden Kieldrecht,BL27,Oost-Vlaanderen,51.33833359386697,4.253082275390625,"Pied Avocet, white ring with 4 letters (first=E)",Pied Avocet,4560,,,,??WN(EAYN),,,,N,Y,alive and healthy,,2968,Dirk Draulans,,2024-03-17,neutral,,,unknown or unrecorded
1413954,,2024-02-11,,"Knokke, Zwin Natuur Park",BL28,West-Vlaanderen,51.3620275868841,3.345937728881836,"Pied Avocet, white ring with 4 letters (first=E)",Pied Avocet,4560,,,,RBWN(EHHK),,,,N,Y,alive and healthy,,5239,Jan Talloen,,2024-02-11,neutral,,,
1412579,,2024-02-04,,"Knokke, Zwin Natuur Park",BL28,West-Vlaanderen,51.3620275868841,3.345937728881836,"Pied Avocet, white ring with 4 letters (first=E)",Pied Avocet,4560,,,,RBWN(EHHK),,,,N,Y,alive and healthy,,5239,Jan Talloen,,2024-02-05,neutral,,,
1407728,,2024-01-12,14:23:46,Biezelingse Ham,NL18,Zeeland,51.45074986427308,3.9232087880373,"Pied Avocet, white ring with 4 letters (first=E)",Pied Avocet,4560,,,,LAWN(EAXS),,,,N,Y,alive and healthy,,1287,Mark Hoekstein,,2024-01-12,neutral,,,unknown or unrecorded
1406516,,2024-01-06,,"Knokke, Zwin Natuur Park",BL28,West-Vlaanderen,51.36222502302183,3.3463577879592776,"Pied Avocet, white ring with 4 letters (first=E)",Pied Avocet,4560,,,,RBWN(EHHK),,,,N,Y,alive and healthy,,5239,Jan Talloen,,2024-01-06,neutral,,,
1405624,,2023-12-30,,"Knokke, Zwin Natuur Park",BL28,West-Vlaanderen,51.36222502302183,3.3463577879592776,"Pied Avocet, white ring with 4 letters (first=E)",Pied Avocet,4560,,,,RBWN(EHHK),,,,N,Y,alive and healthy,,5239,Jan Talloen,,2023-12-30,neutral,,,
1381407,,2023-08-18,19:44:00,Coudorpe,NL18,Zeeland,51.40123231072668,3.789843320846557,"Pied Avocet, white ring with 4 letters (first=E)",Pied Avocet,4560,,,,??WN(EHNP),,,,N,Y,alive and healthy,,659,Hans van der Linden,,2023-08-18,neutral,,,unknown or unrecorded
1377762,,2023-08-04,14:54:04,"Wad thv Noorderbuurt, Wieringen",NL14,Noord-Holland,52.90041226648327,4.922528117895126,"Pied Avocet, white ring with 4 letters (first=E)",Pied Avocet,4560,,,,LAWN(EARU),,,,N,Y,alive and healthy,,2907,Wim Tijsen,,2023-08-04,neutral,,,unknown or unrecorded
1376607,,2023-07-30,,Zwin Natuur Park België,BL28,West-Vlaanderen,51.36150212655355,3.35432767868042,"Pied Avocet, white ring with 4 letters (first=E)",Pied Avocet,4560,,,,RBWN(EHHM),,,,N,Y,alive and healthy,,5239,Jan Talloen,,2023-07-30,neutral,,,
1376421,,2023-07-29,,Zwin Natuur Park België,BL28,West-Vlaanderen,51.36150212655355,3.35432767868042,"Pied Avocet, white ring with 4 letters (first=E)",Pied Avocet,4560,,,,RBWN(EHHK),,,,N,Y,alive and healthy,,5239,Jan Talloen,,2023-07-29,neutral,,,unknown or unrecorded
1375055,,2023-07-22,09:50:00,Zwin,BL28,West-Vlaanderen,51.34557007120855,3.3689403533935547,"Pied Avocet, white ring with 4 letters (first=E)",Pied Avocet,4560,,,,?BWN(EHHE),,,,N,Y,alive and healthy,,4657,Eric Inghelbrecht,,2023-07-23,neutral,,,unknown or unrecorded
1375057,,2023-07-22,09:50:00,Zwin,BL28,West-Vlaanderen,51.34557007120855,3.3689403533935547,"Pied Avocet, white ring with 4 letters (first=E)",Pied Avocet,4560,,,,?BWN(EHHH),,,,N,Y,alive and healthy,,4657,Eric Inghelbrecht,,2023-07-23,neutral,,,unknown or unrecorded
4657779,,2023-07-17,,"Knokke, Zwin",BL28,West-Vlaanderen,51.355488840149505,3.3667062700914,"Pied Avocet, white ring with 4 letters (first=E)",Pied Avocet,4560,,,,??WN(EHHH),,,,N,Y,released after revalidation,E906373,842,Geert Spanoghe,,2025-12-23,neutral,,,
4657780,,2023-07-17,,"Knokke, Zwin",BL28,West-Vlaanderen,51.355488840149505,3.3667062700914,"Pied Avocet, white ring with 4 letters (first=E)",Pied Avocet,4560,,,,??WN(EHHJ),,,,N,Y,released after revalidation,E906375,842,Geert Spanoghe,,2025-12-23,neutral,,,
4616098,,2023-07-14,,"Beveren, prosper noord",BL27,Oost-Vlaanderen,51.33121228159045,4.228101554554407,"Pied Avocet, white ring with 4 letters (first=E)",Pied Avocet,4560,,,,??WN(EHNP),,,,N,Y,alive and healthy,"Hand-reared bird, released from Bird Hospital (Oudsbergen),",842,Geert Spanoghe,,2025-09-13,neutral,,,
1446808,,2023-07-14,18:00:00,Hedwige slik,BL27,Oost-Vlaanderen,51.33104066938517,4.218063354492187,"Pied Avocet, white ring with 4 letters (first=E)",Pied Avocet,4560,,,,??WN(EHKL),,,,N,Y,released after revalidation,,842,Geert Spanoghe,,2024-05-21,neutral,,,
1365705,,2023-06-01,12:00:00,Kieldrecht Putten Weiden,BL27,Oost-Vlaanderen,51.33833359386697,4.253082275390625,"Pied Avocet, white ring with 4 letters (first=E)",Pied Avocet,4560,,,,??WN(EAYH),,,,N,Y,alive and healthy,Chicks,2968,Dirk Draulans,,2023-06-04,neutral,,,unknown or unrecorded
1363785,,2023-05-24,,"Doel, Doelpolder Noord ",BL27,Oost-Vlaanderen,51.33833359386697,4.253082275390625,"Pied Avocet, white ring with 4 letters (first=E)",Pied Avocet,4560,26185,2291,W-EAHR,LBWN(EAHR),U,2013,pullus,N,Y,alive and healthy,1 chick,2968,Dirk Draulans,,2023-05-24,neutral,,,unknown or unrecorded
1363786,,2023-05-24,,"Doel, Doelpolder Noord ",BL27,Oost-Vlaanderen,51.33833359386697,4.253082275390625,"Pied Avocet, white ring with 4 letters (first=E)",Pied Avocet,4560,26184,2290,W-EAHP,RBWN(EAHP),U,2013,pullus,N,Y,alive and healthy,,2968,Dirk Draulans,,2023-05-24,neutral,,,unknown or unrecorded
1363787,,2023-05-24,,Kieldrecht Putten Weiden,BL27,Oost-Vlaanderen,51.33833359386697,4.253082275390625,"Pied Avocet, white ring with 4 letters (first=E)",Pied Avocet,4560,,,,??WN(EAYL),,,,N,Y,alive and healthy,,2968,Dirk Draulans,,2023-05-24,neutral,,,unknown or unrecorded
1362776,,2023-05-17,11:00:00,"Doel, Doelpolder Noord ",BL27,Oost-Vlaanderen,51.33833359386697,4.253082275390625,"Pied Avocet, white ring with 4 letters (first=E)",Pied Avocet,4560,26185,2291,W-EAHR,LBWN(EAHR),U,2013,pullus,N,Y,alive and healthy,,2968,Dirk Draulans,,2023-05-17,neutral,,,unknown or unrecorded
1362543,,2023-05-15,16:00:00,"Beveren, Doelpolder Noord",BL27,Oost-Vlaanderen,51.328335691543295,4.238147735595703,"Pied Avocet, white ring with 4 letters (first=E)",Pied Avocet,4560,26185,2291,W-EAHR,LBWN(EAHR),U,2013,pullus,N,Y,alive and healthy,"met pulli van O naar W gekomen, man",842,Geert Spanoghe,,2023-05-15,neutral,,,
1361857,,2023-05-10,16:40:29,"Westdorpe, Autrichepolder",NL18,Zeeland,51.24512777300378,3.8199162483215328,"Pied Avocet, white ring with 4 letters (first=E)",Pied Avocet,4560,,,,LAWN(EAYR),,,,N,Y,alive and healthy,,834,Maarten Sluijter,,2023-05-10,neutral,,,unknown or unrecorded
1361858,,2023-05-10,16:40:00,"Westdorpe, Autrichepolder",NL18,Zeeland,51.24510069854912,3.8199752569198604,"Pied Avocet, white ring with 4 letters (first=E)",Pied Avocet,4560,,,,?BWN(EAYR),,,,N,Y,alive and healthy,,834,Maarten Sluijter,,2023-05-10,neutral,,,breeding bird
1361702,,2023-05-10,09:00:00,"Doel, Doelpolder Noord ",BL27,Oost-Vlaanderen,51.33833359386697,4.253082275390625,"Pied Avocet, white ring with 4 letters (first=E)",Pied Avocet,4560,26184,2290,W-EAHP,RBWN(EAHP),U,2013,pullus,N,Y,alive and healthy,Nest building,2968,Dirk Draulans,,2023-05-10,neutral,,,unknown or unrecorded
1358775,,2023-04-22,15:05:56,"Terschelling, Schor Stryp",NL03,Terschelling,53.37492065071981,5.2981919422745705,"Pied Avocet, white ring with 4 letters (first=E)",Pied Avocet,4560,26199,2541,W-EASE,LBWN(EASE),U,2015,pullus,N,Y,alive and healthy,,271,Floor Arts,,2023-04-22,neutral,,,unknown or unrecorded
1351835,,2023-03-04,16:21:25,Ellewoutsdijk - Inlaag Coudorpe,NL18,Zeeland,51.40527761720537,3.784240521490574,"Pied Avocet, white ring with 4 letters (first=E)",Pied Avocet,4560,26180,871,W-EAHM,LBWN(EAHM),U,2012,pullus,N,Y,alive and healthy,,2233,Tim Raats,,2023-03-13,neutral,,,unknown or unrecorded
1333541,,2022-12-13,10:30:00,"Quiberville, Plage",FR08,Seine-Maritime,49.90681042921917,0.924171209335327,"Pied Avocet, white ring with 4 letters (first=E)",Pied Avocet,4560,26202,3129,W-EATU,LBWN(EATU),U,2017,pullus,N,N,alive and healthy,"I am not totally sure for the letter T. At the beginning, I was thinking at letter I.",9450,Thomas Domalain,,2022-12-14,neutral,,,not a breeding bird
1276242,,2022-05-30,15:33:08,Terschelling - Striep Plasdras,NL03,Terschelling,53.372829013581786,5.293752551078796,"Pied Avocet, white ring with 4 letters (first=E)",Pied Avocet,4560,26199,2541,W-EASE,LBWN(EASE),U,2015,pullus,N,Y,alive and healthy,,157,Jacob Jan de Vries,,2022-07-13,neutral,,,unknown or unrecorded
1266160,,2022-05-04,11:10:00,wad bij Striep (Terschelling),NL03,Terschelling,53.375085265023145,5.29738426208496,"Pied Avocet, white ring with 4 letters (first=E)",Pied Avocet,4560,26199,2541,W-EASE,LBWN(EASE),U,2015,pullus,N,Y,alive and healthy,,3094,Marius van der Flier,,2022-05-16,neutral,,,
1264003,,2022-05-04,11:06:07, Terschelling - Striep HVP,NL03,Terschelling,53.374720632484085,5.298120528459549,"Pied Avocet, white ring with 4 letters (first=E)",Pied Avocet,4560,26199,2541,W-EASE,LBWN(EASE),U,2015,pullus,N,Y,alive and healthy,,157,Jacob Jan de Vries,,2022-05-04,neutral,,,unknown or unrecorded
1261557,,2022-04-20,11:00:00,"Kieldrecht, Putten West: PW Zuid",BL27,Oost-Vlaanderen,51.2898353198479,4.207334518432616,"Pied Avocet, white ring with 4 letters (first=E)",Pied Avocet,4560,,,,??WN(EAYL),,,,N,Y,alive and healthy,"paired, male, seen copulating",842,Geert Spanoghe,,2022-04-20,neutral,,,
1261558,,2022-04-20,11:00:00,"Kieldrecht, Putten West: PW Zuid",BL27,Oost-Vlaanderen,51.2898353198479,4.207334518432616,"Pied Avocet, white ring with 4 letters (first=E)",Pied Avocet,4560,,,,??WN(EAYL),,,,N,Y,alive and healthy,"paired, male, seen copulating",842,Geert Spanoghe,,2022-04-20,neutral,,,
1258494,,2022-03-28,13:00:00,Moulin à eau,FR37,Loire-Atlantique,47.394542155311576,-2.482176304256427,"Pied Avocet, white ring with 4 letters (first=E)",Pied Avocet,4560,26192,2381,W-EAAX,LBWN(EAAX),F,,>4 cy,N,Y,alive and healthy,"observation: 
Francois Hémery <francois.hemery.bv@gmail.com>",842,Geert Spanoghe,,2022-03-29,trusted,,,not a breeding bird
1257752,,2022-03-24,13:22:41,Terschelling - Striep Plasdras,NL03,Terschelling,53.37292642690617,5.293686166405678,"Pied Avocet, white ring with 4 letters (first=E)",Pied Avocet,4560,26199,2541,W-EASE,LBWN(EASE),U,2015,pullus,N,Y,alive and healthy,partner L8 ?,157,Jacob Jan de Vries,,2022-03-24,neutral,,,unknown or unrecorded
1257510,,2022-03-23,12:58:41,Terschelling - Striep Plasdras,NL03,Terschelling,53.37279220848954,5.293730087578297,"Pied Avocet, white ring with 4 letters (first=E)",Pied Avocet,4560,26199,2541,W-EASE,LBWN(EASE),U,2015,pullus,N,Y,alive and healthy,,157,Jacob Jan de Vries,,2022-03-23,neutral,,,unknown or unrecorded
1254638,,2022-03-13,,"Terschelling, Strieperpolder",NL03,Terschelling,53.37279880940517,5.294069051742554,"Pied Avocet, white ring with 4 letters (first=E)",Pied Avocet,4560,26199,2541,W-EASE,LBWN(EASE),U,2015,pullus,N,Y,alive and healthy,,8819,Jan Ellens,,2022-03-13,neutral,,,
1254035,,2022-03-10,12:51:18,Terschelling - Striep Plasdras,NL03,Terschelling,53.37283321416096,5.293674431741238,"Pied Avocet, white ring with 4 letters (first=E)",Pied Avocet,4560,26199,2541,W-EASE,LBWN(EASE),U,2015,pullus,N,Y,alive and healthy,,157,Jacob Jan de Vries,,2022-03-11,neutral,,,"in colony, unknown if breeding"
1260304,,2022-03-03,,Kieldrecht Putten Weiden,BL27,Oost-Vlaanderen,51.32715242306471,4.234800338745117,"Pied Avocet, white ring with 4 letters (first=E)",Pied Avocet,4560,26195,2507,W-EAPU,LBWN(EAPU),U,2015,pullus,N,Y,alive and healthy,,2968,Dirk Draulans,,2022-04-12,neutral,,,unknown or unrecorded
1214968,,2021-09-21,13:00:00,"Le Teich, Parc ornithologique du Teich",FR34,Gironde,44.644988384941925,-1.0377960267942399,"Pied Avocet, white ring with 4 letters (first=E)",Pied Avocet,4560,,,,??WN(EAYL),,,,N,Y,alive and healthy,,842,Geert Spanoghe,,2021-09-23,neutral,,,
1214969,,2021-09-21,13:00:00,"Le Teich, Parc ornithologique du Teich",FR34,Gironde,44.644988384941925,-1.0377960267942399,"Pied Avocet, white ring with 4 letters (first=E)",Pied Avocet,4560,,,,??WN(EAYL),,,,N,Y,alive and healthy,,842,Geert Spanoghe,,2021-09-23,neutral,,,
1175604,,2021-06-03,14:34:00,Coudorpe,NL18,Zeeland,51.40393988837275,3.783736339537427,"Pied Avocet, white ring with 4 letters (first=E)",Pied Avocet,4560,26180,871,W-EAHM,LBWN(EAHM),U,2012,pullus,N,N,alive and healthy,"EA wel maar HM niet afleesbaar. Gezien eerdere waarneming op dezelfde plaats, nu met pulli, mag ik aannemen dat het dezelfde kluut betreft. Nu met gezond pootje.",659,Hans van der Linden,,2021-06-03,neutral,,,breeding bird
1175554,,2021-05-28,16:45:00,Hedwigepolder Steltloperplas,NL18,Zeeland,51.33957756580851,4.207214342895895,"Pied Avocet, white ring with 4 letters (first=E)",Pied Avocet,4560,26240,6900,W-EAAK,LBWN(EAAK),U,2010,pullus,N,Y,alive and healthy,,842,Geert Spanoghe,,2021-06-03,neutral,,,unknown or unrecorded
1174311,,2021-05-26,10:00:00,"Doel, Doelpolder Noord: eiland",BL27,Oost-Vlaanderen,51.32715242306471,4.234800338745117,"Pied Avocet, white ring with 4 letters (first=E)",Pied Avocet,4560,,,,??WN(EAUP),,,,N,Y,alive and healthy,,2968,Dirk Draulans,,2021-05-26,neutral,,,
1174310,,2021-05-26,09:00:00,"Kieldrecht, De Putten",BL27,Oost-Vlaanderen,51.293699893323726,4.2359161376953125,"Pied Avocet, white ring with 4 letters (first=E)",Pied Avocet,4560,26242,6902,W-EAAM,LBWN(EAAM),U,2010,pullus,N,Y,alive and healthy,broedend,2968,Dirk Draulans,,2021-05-26,neutral,,,
1171312,,2021-05-14,09:00:00,"Kieldrecht, De Putten",BL27,Oost-Vlaanderen,51.293699893323726,4.2359161376953125,"Pied Avocet, white ring with 4 letters (first=E)",Pied Avocet,4560,26242,6902,W-EAAM,LBWN(EAAM),U,2010,pullus,N,Y,alive and healthy,,2968,Dirk Draulans,,2021-05-14,neutral,,,
1171313,,2021-05-14,09:00:00,"Kieldrecht, De Putten",BL27,Oost-Vlaanderen,51.293699893323726,4.2359161376953125,"Pied Avocet, white ring with 4 letters (first=E)",Pied Avocet,4560,26219,4579,W-EASP,LBWN(EASP),U,2015,pullus,N,Y,alive and healthy,,2968,Dirk Draulans,,2021-05-14,neutral,,,
1171008,,2021-05-12,09:00:00,"Kieldrecht, De Putten",BL27,Oost-Vlaanderen,51.293699893323726,4.2359161376953125,"Pied Avocet, white ring with 4 letters (first=E)",Pied Avocet,4560,26242,6902,W-EAAM,LBWN(EAAM),U,2010,pullus,N,Y,alive and healthy,probably breeding,2968,Dirk Draulans,,2021-05-12,neutral,,,breeding bird
1169339,,2021-05-02,13:00:00,"Doel, Paardenschor",BL27,Oost-Vlaanderen,51.33833359386697,4.2515029781498015,"Pied Avocet, white ring with 4 letters (first=E)",Pied Avocet,4560,,,,??WN(EAXY),,,,N,Y,alive and healthy,,842,Geert Spanoghe,,2021-05-03,neutral,,,
1169576,,2021-04-30,,Zwin,BL28,West-Vlaanderen,51.34701923995036,3.3716869354248047,"Pied Avocet, white ring with 4 letters (first=E)",Pied Avocet,4560,26193,2505,W-EAPS,LBWN(EAPS),U,2015,pullus,N,Y,alive and healthy,,16711,Wouter Faveyts,,2021-05-04,neutral,,,
1168769,,2021-04-25,,"Nieuwvliet-Bad, Verdronken Zwarte Polder",NL18,Zeeland,51.3870055769915,3.4376907348632812,"Pied Avocet, white ring with 4 letters (first=E)",Pied Avocet,4560,26193,2505,W-EAPS,LBWN(EAPS),U,2015,pullus,N,Y,alive and healthy,,8299,Frank van de Velde,,2021-04-29,neutral,,,unknown or unrecorded
1225084,,2021-04-25,17:45:00,Ellewoutsdijk - Inlaag Coudorpe e.o.,NL18,Zeeland,51.403512124690415,3.784731030464172,"Pied Avocet, white ring with 4 letters (first=E)",Pied Avocet,4560,26180,871,W-EAHM,LBWN(EAHM),U,2012,pullus,N,Y,alive and healthy,https://waarneming.nl/waarneming/view/211794287,2233,Tim Raats,,2021-11-20,neutral,,,
1167119,,2021-04-22,13:26:00,Coudorpe,NL18,Zeeland,51.40347107905752,3.7847459869226436,"Pied Avocet, white ring with 4 letters (first=E)",Pied Avocet,4560,26180,871,W-EAHM,LBWN(EAHM),U,2012,pullus,N,Y,alive and healthy,"hinkt, rechter voet met rode prop, ontsteking?",659,Hans van der Linden,,2021-04-22,neutral,,,unknown or unrecorded
1165929,,2021-04-20,09:00:00,"Kieldrecht, De Putten",BL27,Oost-Vlaanderen,51.293699893323726,4.229736328124999,"Pied Avocet, white ring with 4 letters (first=E)",Pied Avocet,4560,26242,6902,W-EAAM,LBWN(EAAM),U,2010,pullus,N,Y,alive and healthy,,2968,Dirk Draulans,,2021-04-20,neutral,,,
1165406,,2021-04-18,11:12:55,Terschelling - Strieper Plasdras,NL03,Terschelling,53.37277820654393,5.294070057570934,"Pied Avocet, white ring with 4 letters (first=E)",Pied Avocet,4560,26199,2541,W-EASE,LBWN(EASE),U,2015,pullus,N,Y,alive and healthy,,157,Jacob Jan de Vries,,2021-04-18,neutral,,,"in colony, unknown if breeding"
1164431,,2021-04-13,09:00:00,"Kieldrecht, De Putten",BL27,Oost-Vlaanderen,51.293699893323726,4.229736328124999,"Pied Avocet, white ring with 4 letters (first=E)",Pied Avocet,4560,26242,6902,W-EAAM,LBWN(EAAM),U,2010,pullus,N,Y,alive and healthy,,2968,Dirk Draulans,,2021-04-13,neutral,,,"in colony, not breeding"
1163998,,2021-04-09,,,BL27,Oost-Vlaanderen,51.14129724646832,4.323343274882063,"Pied Avocet, white ring with 4 letters (first=E)",Pied Avocet,4560,26213,4567,W-EAPR,LBWN(EAPR),U,2015,pullus,N,Y,alive and healthy,,842,Geert Spanoghe,,2021-04-10,neutral,,Wnm. Dirk Braem,unknown or unrecorded
1163999,,2021-04-09,,Bazel,BL27,Oost-Vlaanderen,51.14129724646832,4.323343274882063,"Pied Avocet, white ring with 4 letters (first=E)",Pied Avocet,4560,26222,4582,W-EASV,LBWN(EASV),U,2015,pullus,N,Y,alive and healthy,,842,Geert Spanoghe,,2021-04-10,neutral,,,unknown or unrecorded
1159696,,2021-03-22,11:06:02,Terschelling - Strieper Plasdras,NL03,Terschelling,53.3728846212152,5.293763279914855,"Pied Avocet, white ring with 4 letters (first=E)",Pied Avocet,4560,26199,2541,W-EASE,LBWN(EASE),U,2015,pullus,N,Y,alive and healthy,,157,Jacob Jan de Vries,,2021-03-22,neutral,,,unknown or unrecorded
1153720,,2021-03-01,18:00:00,,FR38,Morbihan,47.613522621463005,-2.715792953968048,"Pied Avocet, white ring with 4 letters (first=E)",Pied Avocet,4560,,,,LAWN(EAYE),,,,N,Y,alive and healthy,,7832,François Hémery,,2021-03-01,neutral,,,unknown or unrecorded
1215043,,2021-01-19,,"réserve ornithologique du teich, bassin d'arcachon, FRANCE Teich",FR34,Gironde,44.64658117755651,-1.0303759574890137,"Pied Avocet, white ring with 4 letters (first=E)",Pied Avocet,4560,,,,LAWN(EARJ),,,,N,Y,alive and healthy,,8685,Forchelet Cyril,,2021-09-23,neutral,,,unknown or unrecorded
1133131,,2020-12-19,,"Lymington, Normandy Marsh",GBHA,Hampshire,50.75804828638616,-1.5379486209712923,"Pied Avocet, white ring with 4 letters (first=E)",Pied Avocet,4560,26180,871,W-EAHM,LBWN(EAHM),U,2012,pullus,N,Y,alive and healthy,"seen by Sharon O'Reilly, reported by Graham Giddens",842,Geert Spanoghe,,2021-01-07,neutral,,,unknown or unrecorded
1111157,150713,2020-07-06,,"Lillo, Potpolder",BL20,Antwerpen,51.3011111111111,4.29777777777778,"Pied Avocet, white ring with 4 letters (first=E)",Pied Avocet,4560,26219,4579,W-EASP,LBWN(EASP),U,2015,pullus,N,Y,alive and healthy,,842,Geert Spanoghe,,2020-10-18,trusted,,x,unknown or unrecorded
1103786,150310,2020-06-18,,"Doel, Doelpolder Noord: broedeiland",BL27,Oost-Vlaanderen,51.3322222222222,4.23777777777778,"Pied Avocet, white ring with 4 letters (first=E)",Pied Avocet,4560,26227,4774,W-EAPA,LBWN(EAPA),U,2015,pullus,N,Y,alive and healthy,INBO original notes:  met 1 kuiken.,2968,Dirk Draulans,,2020-10-15,trusted,,x,breeding bird
1111144,150311,2020-06-18,,"Kieldrecht, Putten West: PW Zuid",BL27,Oost-Vlaanderen,51.2922222222222,4.20305555555556,"Pied Avocet, white ring with 4 letters (first=E)",Pied Avocet,4560,26195,2507,W-EAPU,LBWN(EAPU),U,2015,pullus,N,Y,alive and healthy,,2968,Dirk Draulans,,2020-10-18,trusted,,x,unknown or unrecorded
1214970,,2020-06-12,18:00:00,"Kieldrecht, Putten Plas",BL27,Oost-Vlaanderen,51.28461763067629,4.207660668762401,"Pied Avocet, white ring with 4 letters (first=E)",Pied Avocet,4560,,,,??WN(EAYL),,,,N,Y,alive and healthy,,842,Geert Spanoghe,,2021-09-23,neutral,,,
4325099,,2020-06-11,13:30:00,"Kieldrecht, Putten West",BL27,Oost-Vlaanderen,51.28597042110153,4.207849243888676,"Pied Avocet, white ring with 4 letters (first=E)",Pied Avocet,4560,,,,??WN(EAYL),,,,N,Y,alive and healthy,Pullus gekleurringd,842,Geert Spanoghe,,2025-03-20,neutral,,,not applicable (chick)
1124137,,2020-06-09,,"Markiezaat, Spuitkop",NL09,Noord-Brabant,51.460966957499835,4.265055184951052,"Pied Avocet, white ring with 4 letters (first=E)",Pied Avocet,4560,26240,6900,W-EAAK,LBWN(EAAK),U,2010,pullus,N,Y,alive and healthy,,859,Sander  Lilipaly,,2020-11-29,neutral,,,breeding bird
1171712,,2020-06-08,09:35:00,"Markiezaat, Spuitkop",NL09,Noord-Brabant,51.46060511585011,4.264959096908569,"Pied Avocet, white ring with 4 letters (first=E)",Pied Avocet,4560,26240,6900,W-EAAK,LBWN(EAAK),U,2010,pullus,N,Y,alive and healthy,,834,Maarten Sluijter,,2021-05-16,neutral,,,breeding bird
1106664,149700,2020-05-21,,"Terschelling, Seeryperpolder",NL03,Terschelling,53.381,5.287,"Pied Avocet, white ring with 4 letters (first=E)",Pied Avocet,4560,26199,2541,W-EASE,LBWN(EASE),U,2015,pullus,N,Y,alive and healthy,,2180,Hans van Stijn,,2020-10-15,trusted,,x,unknown or unrecorded
1111160,149388,2020-05-01,,"Doel, Doelpolder Noord",BL27,Oost-Vlaanderen,51.3322222222222,4.23777777777778,"Pied Avocet, white ring with 4 letters (first=E)",Pied Avocet,4560,26244,6904,W-EAAP,LBWN(EAAP),U,2010,pullus,N,Y,alive and healthy,INBO original notes:  nestindicerend.,2968,Dirk Draulans,,2020-10-18,trusted,,x,unknown or unrecorded
1110949,148841,2020-04-14,,"Doel, Paardenschor",BL27,Oost-Vlaanderen,51.3344444444444,4.25194444444444,"Pied Avocet, white ring with 4 letters (first=E)",Pied Avocet,4560,26185,2291,W-EAHR,LBWN(EAHR),U,2013,pullus,N,Y,alive and healthy,INBO original notes:  man van koppel.,842,Geert Spanoghe,,2020-10-18,trusted,,x,unknown or unrecorded
1101535,148626,2020-04-08,,"Doel, Doelpolder Noord: eiland",BL27,Oost-Vlaanderen,51.3322222222222,4.23777777777778,"Pied Avocet, white ring with 4 letters (first=E)",Pied Avocet,4560,26203,3130,W-EAXA,LBWN(EAXA),U,2017,pullus,N,Y,alive and healthy,"INBO original notes:  gepaard, putjes draaiend.",2968,Dirk Draulans,,2020-10-15,trusted,,x,unknown or unrecorded
1114396,145456,2019-10-08,,"Doel, Paardenschor",BL27,Oost-Vlaanderen,51.3344444444444,4.25194444444444,"Pied Avocet, white ring with 4 letters (first=E)",Pied Avocet,4560,72272,30334,W-EAXV,LBWN(EAXV),U,2019,pullus,N,Y,alive and healthy,,842,Geert Spanoghe,,2020-10-21,trusted,,x,unknown or unrecorded
1114395,145457,2019-06-28,,"Kieldrecht, Putten West",BL27,Oost-Vlaanderen,51.2922222222222,4.20305555555556,"Pied Avocet, white ring with 4 letters (first=E)",Pied Avocet,4560,72272,30334,W-EAXV,LBWN(EAXV),U,2019,pullus,Y,Y,alive and healthy,,1692,Geert De Smet,,2020-10-21,trusted,,x,not applicable (chick)
1111158,140467,2019-06-10,,"Kieldrecht, Putten West: eiland",BL27,Oost-Vlaanderen,51.2922222222222,4.20305555555556,"Pied Avocet, white ring with 4 letters (first=E)",Pied Avocet,4560,26226,4586,W-EAUH,LBWN(EAUH),U,2015,pullus,N,Y,alive and healthy,INBO original notes:  met pulli.,842,Geert Spanoghe,,2020-10-18,trusted,,x,breeding bird
1106619,140468,2019-05-13,,"Kieldrecht, Putten West: Midas",BL27,Oost-Vlaanderen,51.2922222222222,4.20305555555556,"Pied Avocet, white ring with 4 letters (first=E)",Pied Avocet,4560,26242,6902,W-EAAM,LBWN(EAAM),U,2010,pullus,N,Y,alive and healthy,,842,Geert Spanoghe,,2020-10-15,trusted,,x,breeding bird
1106611,142625,2019-05-02,,"Tholen, Schakerloopolder",NL18,Zeeland,51.5166666666667,4.16666666666667,"Pied Avocet, white ring with 4 letters (first=E)",Pied Avocet,4560,26240,6900,W-EAAK,LBWN(EAAK),U,2010,pullus,N,Y,alive and healthy,,834,Maarten Sluijter,,2020-10-15,trusted,,x,unknown or unrecorded
607887,134199,2018-10-02,,"Alkborough, Alkborough Flats",-B00,North Sea,53.8225,0.675277777777778,"Pied Avocet, white ring with 4 letters (first=E)",Pied Avocet,4560,26204,3167,W-EAXE,LBWN(EAXE),U,2017,pullus,N,Y,alive and healthy,,3181,Graham Catley,,2019-05-21,neutral,,x,unknown or unrecorded
607939,133613,2018-09-23,,"Delfzijl, Breebaartpolder: Termunten",NL07,Groningen,53.2916666666667,7.075,"Pied Avocet, white ring with 4 letters (first=E)",Pied Avocet,4560,26226,4586,W-EAUH,LBWN(EAUH),U,2015,pullus,N,Y,alive and healthy,,13,Rene Oosterhuis,,2019-05-21,trusted,,x,unknown or unrecorded
607801,136947,2018-07-29,,"Termunten, Breebaartpolder",NL07,Groningen,53.2916666666667,7.075,"Pied Avocet, white ring with 4 letters (first=E)",Pied Avocet,4560,26178,869,W-EAHJ,LBWN(EAHJ),U,2012,pullus,N,Y,alive and healthy,,355,Andre Boven,,2019-05-21,trusted,,x,unknown or unrecorded
607800,136946,2018-07-28,,"Termunten, Breebaartpolder",NL07,Groningen,53.2916666666667,7.075,"Pied Avocet, white ring with 4 letters (first=E)",Pied Avocet,4560,26178,869,W-EAHJ,LBWN(EAHJ),U,2012,pullus,N,Y,alive and healthy,,355,Andre Boven,,2019-05-21,trusted,,x,unknown or unrecorded
607829,133093,2018-04-29,,"Werkendam, Noordwaard: Biesbosch",NL09,Noord-Brabant,51.7938888888889,4.84777777777778,"Pied Avocet, white ring with 4 letters (first=E)",Pied Avocet,4560,26181,873,W-EAKU,LBWN(EAKU),F,,>4 cy,N,Y,alive and healthy,,2238,Bas Verhoeven,,2019-05-21,trusted,,x,unknown or unrecorded
1099998,138785,2018-04-20,,"Terschelling, Striep",NL03,Terschelling,53.3747222222222,5.29638888888889,"Pied Avocet, white ring with 4 letters (first=E)",Pied Avocet,4560,26199,2541,W-EASE,LBWN(EASE),U,2015,pullus,N,Y,alive and healthy,INBO original notes:  Gepaard.Toekomstig broedkoppel.,157,Jacob Jan de Vries,,2020-10-15,trusted,,x,unknown or unrecorded
1099997,138784,2018-04-19,,"Terschelling, Striep",NL03,Terschelling,53.3747222222222,5.29638888888889,"Pied Avocet, white ring with 4 letters (first=E)",Pied Avocet,4560,26199,2541,W-EASE,LBWN(EASE),U,2015,pullus,N,Y,alive and healthy,INBO original notes:  Gepaard.Toekomstig broedkoppel.,157,Jacob Jan de Vries,,2020-10-15,trusted,,x,unknown or unrecorded
1099996,138781,2018-04-18,,"Terschelling, Striep",NL03,Terschelling,53.3747222222222,5.29638888888889,"Pied Avocet, white ring with 4 letters (first=E)",Pied Avocet,4560,26199,2541,W-EASE,LBWN(EASE),U,2015,pullus,N,Y,alive and healthy,INBO original notes:  Gepaard.Toekomstig broedkoppel.,157,Jacob Jan de Vries,,2020-10-15,trusted,,x,unknown or unrecorded
1183980,,2018-04-18,13:44:00,"Terschelling, Stryp",NL03,Terschelling,53.37282386658197,5.2931446279961625,"Pied Avocet, white ring with 4 letters (first=E)",Pied Avocet,4560,26199,2541,W-EASE,LBWN(EASE),U,2015,pullus,N,Y,alive and healthy,,555,Mario Huizinga,,2021-06-23,neutral,,,unknown or unrecorded
1183979,,2018-04-17,20:30:30,"Terschelling, Stryp",NL03,Terschelling,53.37101960706839,5.299945738552534,"Pied Avocet, white ring with 4 letters (first=E)",Pied Avocet,4560,26199,2541,W-EASE,LBWN(EASE),U,2015,pullus,N,Y,alive and healthy,,555,Mario Huizinga,,2021-06-23,neutral,,,unknown or unrecorded
1101534,126209,2017-10-24,,"Poole Harbour, Middlebere Channel: east of Wareham",GBDO,Dorset,50.6783333333333,-2.04555555555556,"Pied Avocet, white ring with 4 letters (first=E)",Pied Avocet,4560,26203,3130,W-EAXA,LBWN(EAXA),U,2017,pullus,N,Y,alive and healthy,,1582,Peter Potts,,2020-10-15,trusted,,x,unknown or unrecorded
1101532,123195,2017-09-24,,"Termunten, Breebaartpolder",NL07,Groningen,53.2916666666667,7.075,"Pied Avocet, white ring with 4 letters (first=E)",Pied Avocet,4560,26202,3129,W-EATU,LBWN(EATU),U,2017,pullus,N,Y,alive and healthy,,355,Andre Boven,,2020-10-15,trusted,,x,unknown or unrecorded
607908,121282,2017-07-03,,"Kruibeke, Kortbroek: Klutenplas",BL27,Oost-Vlaanderen,51.2922222222222,4.20305555555556,"Pied Avocet, white ring with 4 letters (first=E)",Pied Avocet,4560,26213,4567,W-EAPR,LBWN(EAPR),U,2015,pullus,N,Y,alive and healthy,,5105,Maarten Mortier,,2019-05-21,trusted,,x,unknown or unrecorded
607886,123198,2017-06-12,,"Kieldrecht, Putten West: eiland",BL27,Oost-Vlaanderen,51.2922222222222,4.20305555555556,"Pied Avocet, white ring with 4 letters (first=E)",Pied Avocet,4560,26204,3167,W-EAXE,LBWN(EAXE),U,2017,pullus,Y,Y,alive and healthy,,842,Geert Spanoghe,,2019-05-21,trusted,,x,not applicable (chick)
1101531,123196,2017-06-12,,"Kieldrecht, Putten West: eiland",BL27,Oost-Vlaanderen,51.2922222222222,4.20305555555556,"Pied Avocet, white ring with 4 letters (first=E)",Pied Avocet,4560,26202,3129,W-EATU,LBWN(EATU),U,2017,pullus,Y,Y,alive and healthy,,842,Geert Spanoghe,,2020-10-15,trusted,,x,not applicable (chick)
1101533,123197,2017-06-12,,"Kieldrecht, Putten West: eiland",BL27,Oost-Vlaanderen,51.2922222222222,4.20305555555556,"Pied Avocet, white ring with 4 letters (first=E)",Pied Avocet,4560,26203,3130,W-EAXA,LBWN(EAXA),U,2017,pullus,Y,Y,alive and healthy,,842,Geert Spanoghe,,2020-10-15,trusted,,x,not applicable (chick)
607919,120586,2017-05-17,,"Zwijndrecht, Vlakte van Zwijndrecht",BL20,Antwerpen,51.2475,4.30194444444444,"Pied Avocet, white ring with 4 letters (first=E)",Pied Avocet,4560,26219,4579,W-EASP,LBWN(EASP),U,2015,pullus,N,Y,alive and healthy,INBO original notes:  man.,842,Geert Spanoghe,,2019-05-21,trusted,,x,breeding bird
607869,120381,2017-05-08,,"Kieldrecht, Putten West: Hof ter walle",BL27,Oost-Vlaanderen,51.2922222222222,4.20305555555556,"Pied Avocet, white ring with 4 letters (first=E)",Pied Avocet,4560,26195,2507,W-EAPU,LBWN(EAPU),U,2015,pullus,N,Y,alive and healthy,,842,Geert Spanoghe,,2019-05-21,trusted,,x,unknown or unrecorded
1110948,120382,2017-05-05,,"Kieldrecht, Putten West: Hof ter walle",BL27,Oost-Vlaanderen,51.2922222222222,4.20305555555556,"Pied Avocet, white ring with 4 letters (first=E)",Pied Avocet,4560,26185,2291,W-EAHR,LBWN(EAHR),U,2013,pullus,N,Y,alive and healthy,,842,Geert Spanoghe,,2020-10-18,trusted,,x,unknown or unrecorded
607903,120384,2017-04-28,,"Doel, Doeldok",BL27,Oost-Vlaanderen,51.2963888888889,4.24472222222222,"Pied Avocet, white ring with 4 letters (first=E)",Pied Avocet,4560,26213,4567,W-EAPR,LBWN(EAPR),U,2015,pullus,N,Y,alive and healthy,,842,Geert Spanoghe,,2019-05-21,trusted,,x,unknown or unrecorded
607926,120385,2017-04-28,,"Doel, Doeldok",BL27,Oost-Vlaanderen,51.2963888888889,4.24472222222222,"Pied Avocet, white ring with 4 letters (first=E)",Pied Avocet,4560,26222,4582,W-EASV,LBWN(EASV),U,2015,pullus,N,Y,alive and healthy,,842,Geert Spanoghe,,2019-05-21,trusted,,x,unknown or unrecorded
1099528,120383,2017-04-28,,"Kieldrecht, Putten West: Hof ter walle",BL27,Oost-Vlaanderen,51.2922222222222,4.20305555555556,"Pied Avocet, white ring with 4 letters (first=E)",Pied Avocet,4560,26192,2381,W-EAAX,LBWN(EAAX),F,,>4 cy,N,Y,alive and healthy,,842,Geert Spanoghe,,2020-10-14,trusted,,x,unknown or unrecorded
1099921,120177,2017-04-25,,"Sluis, Nummer Een: Eiland in Voorland",NL18,Zeeland,51.3847222222222,3.60472222222222,"Pied Avocet, white ring with 4 letters (first=E)",Pied Avocet,4560,26193,2505,W-EAPS,LBWN(EAPS),U,2015,pullus,N,Y,alive and healthy,,2560,Bram Borkent,,2020-10-15,trusted,,x,unknown or unrecorded
607906,120176,2017-04-23,,"Kruibeke, Kortbroek: Klutenplas",BL27,Oost-Vlaanderen,51.2922222222222,4.20305555555556,"Pied Avocet, white ring with 4 letters (first=E)",Pied Avocet,4560,26213,4567,W-EAPR,LBWN(EAPR),U,2015,pullus,N,Y,alive and healthy,,5103,Werner Van Mele,,2019-05-21,trusted,,x,unknown or unrecorded
607927,120175,2017-04-23,,"Kruibeke, Kortbroek: Klutenplas",BL27,Oost-Vlaanderen,51.2922222222222,4.20305555555556,"Pied Avocet, white ring with 4 letters (first=E)",Pied Avocet,4560,26222,4582,W-EASV,LBWN(EASV),U,2015,pullus,N,Y,alive and healthy,,5103,Werner Van Mele,,2019-05-21,trusted,,x,unknown or unrecorded
607990,119863,2017-04-05,,"Zierikzee, Cauwersinlaag: karrevelden achter inlaag",NL18,Zeeland,51.647,3.89,"Pied Avocet, white ring with 4 letters (first=E)",Pied Avocet,4560,26248,6908,W-EAAU,LBWN(EAAU),U,2010,pullus,N,Y,alive and healthy,INBO original notes:  met ongeringde partner.,1588,Sven Prins,,2019-05-21,trusted,,x,breeding bird
607902,119754,2017-04-03,,"Kallo, Ketenisse",BL27,Oost-Vlaanderen,51.2833333333333,4.3,"Pied Avocet, white ring with 4 letters (first=E)",Pied Avocet,4560,26213,4567,W-EAPR,LBWN(EAPR),U,2015,pullus,N,Y,alive and healthy,,842,Geert Spanoghe,,2019-05-21,trusted,,x,not applicable (chick)
607918,119753,2017-04-03,,"Kallo, Ketenisse: slik D",BL27,Oost-Vlaanderen,51.2833333333333,4.3,"Pied Avocet, white ring with 4 letters (first=E)",Pied Avocet,4560,26219,4579,W-EASP,LBWN(EASP),U,2015,pullus,N,Y,alive and healthy,,842,Geert Spanoghe,,2019-05-21,trusted,,x,unknown or unrecorded
607827,119058,2017-03-09,,"Kallo, Ketenisse",BL27,Oost-Vlaanderen,51.2833333333333,4.3,"Pied Avocet, white ring with 4 letters (first=E)",Pied Avocet,4560,26181,873,W-EAKU,LBWN(EAKU),F,,>4 cy,N,Y,alive and healthy,,842,Geert Spanoghe,,2019-05-21,trusted,,x,unknown or unrecorded
607868,119060,2017-03-09,,"Kallo, Ketenisse",BL27,Oost-Vlaanderen,51.2833333333333,4.3,"Pied Avocet, white ring with 4 letters (first=E)",Pied Avocet,4560,26195,2507,W-EAPU,LBWN(EAPU),U,2015,pullus,N,Y,alive and healthy,,842,Geert Spanoghe,,2019-05-21,trusted,,x,unknown or unrecorded
607940,117718,2016-12-23,,Guérande,FR37,Loire-Atlantique,47.3166666666667,-2.5,"Pied Avocet, white ring with 4 letters (first=E)",Pied Avocet,4560,26226,4586,W-EAUH,LBWN(EAUH),U,2015,pullus,N,Y,alive and healthy,,4655,Joël Bourlès,,2019-05-21,trusted,,x,unknown or unrecorded
607938,115638,2016-10-17,,"Doel, Paardenschor",BL27,Oost-Vlaanderen,51.3344444444444,4.25194444444444,"Pied Avocet, white ring with 4 letters (first=E)",Pied Avocet,4560,26226,4586,W-EAUH,LBWN(EAUH),U,2015,pullus,N,Y,alive and healthy,,842,Geert Spanoghe,,2019-05-21,trusted,,x,unknown or unrecorded
1100464,113191,2016-08-19,,"Doel, Doeldok: Dam",BL27,Oost-Vlaanderen,51.2963888888889,4.24472222222222,"Pied Avocet, white ring with 4 letters (first=E)",Pied Avocet,4560,26201,2660,W-EAUN,LBWN(EAUN),U,2016,pullus,Y,Y,alive and healthy,,842,Geert Spanoghe,,2020-10-15,trusted,,x,not applicable (chick)
607923,112811,2016-07-26,,"Kieldrecht, De Putten",BL27,Oost-Vlaanderen,51.2905555555556,4.22027777777778,"Pied Avocet, white ring with 4 letters (first=E)",Pied Avocet,4560,26221,4581,W-EAST,LBWN(EAST),U,2015,pullus,N,Y,alive and healthy,INBO original notes:  moeilijk leesbaar door ijzeroxidatie.,842,Geert Spanoghe,,2019-05-21,trusted,,x,unknown or unrecorded
1104015,113210,2016-07-26,,"Doel, Doeldok",BL27,Oost-Vlaanderen,51.2963888888889,4.24472222222222,"Pied Avocet, white ring with 4 letters (first=E)",Pied Avocet,4560,26228,4902,W-EAUM,LBWN(EAUM),U,2016,pullus,Y,Y,alive and healthy,,842,Geert Spanoghe,,2020-10-15,trusted,,x,not applicable (chick)
607846,112807,2016-07-10,,"Sas van Gent, Eugeniapolder",NL18,Zeeland,51.253,3.81,"Pied Avocet, white ring with 4 letters (first=E)",Pied Avocet,4560,26191,2297,W-EAMA,LBWN(EAMA),U,2013,pullus,N,Y,alive and healthy,,760,Yves Pieters,,2019-05-21,trusted,,x,unknown or unrecorded
607826,112315,2016-06-13,,"Lillo, Potpolder",BL20,Antwerpen,51.3011111111111,4.29777777777778,"Pied Avocet, white ring with 4 letters (first=E)",Pied Avocet,4560,26181,873,W-EAKU,LBWN(EAKU),F,,>4 cy,N,Y,alive and healthy,"INBO original notes:  gekoppeld, zonder nest.",842,Geert Spanoghe,,2019-05-21,trusted,,x,unknown or unrecorded
1106618,112316,2016-06-02,,"Doel, Doeldok: MIDAS",BL27,Oost-Vlaanderen,51.2963888888889,4.24472222222222,"Pied Avocet, white ring with 4 letters (first=E)",Pied Avocet,4560,26242,6902,W-EAAM,LBWN(EAAM),U,2010,pullus,N,Y,alive and healthy,INBO original notes:  Broedend wijfje.,842,Geert Spanoghe,,2020-10-15,trusted,,x,unknown or unrecorded
607806,112205,2016-05-31,,"Doel, Doelpolder Noord: eiland",BL27,Oost-Vlaanderen,51.3322222222222,4.23777777777778,"Pied Avocet, white ring with 4 letters (first=E)",Pied Avocet,4560,26178,869,W-EAHJ,LBWN(EAHJ),U,2012,pullus,N,Y,alive and healthy,,2968,Dirk Draulans,,2019-05-21,trusted,,x,unknown or unrecorded
607890,112206,2016-05-30,,"Doel, Doeldok",BL27,Oost-Vlaanderen,51.2963888888889,4.24472222222222,"Pied Avocet, white ring with 4 letters (first=E)",Pied Avocet,4560,26207,4561,W-EAPJ,LBWN(EAPJ),U,2015,pullus,N,Y,alive and healthy,,842,Geert Spanoghe,,2019-05-21,trusted,,x,unknown or unrecorded
607984,112116,2016-05-25,,"Gent, Kluizendok: Kesteleyn",BL27,Oost-Vlaanderen,51.1666666666667,3.78333333333333,"Pied Avocet, white ring with 4 letters (first=E)",Pied Avocet,4560,26244,6904,W-EAAP,LBWN(EAAP),U,2010,pullus,N,Y,alive and healthy,,842,Geert Spanoghe,,2019-05-21,trusted,,x,breeding bird
607907,112118,2016-05-24,,"Kruibeke, Kortbroek: Klutenplas",BL27,Oost-Vlaanderen,51.2922222222222,4.20305555555556,"Pied Avocet, white ring with 4 letters (first=E)",Pied Avocet,4560,26213,4567,W-EAPR,LBWN(EAPR),U,2015,pullus,N,Y,alive and healthy,,5104,Pierre Nowosad,,2019-05-21,trusted,,x,unknown or unrecorded
607905,112088,2016-05-21,,"Kruibeke, Kortbroek: Klutenplas",BL27,Oost-Vlaanderen,51.2922222222222,4.20305555555556,"Pied Avocet, white ring with 4 letters (first=E)",Pied Avocet,4560,26213,4567,W-EAPR,LBWN(EAPR),U,2015,pullus,N,Y,alive and healthy,,4004,Erik Van Bogaert,,2019-05-21,trusted,,x,unknown or unrecorded
607915,112119,2016-05-19,,"Doel, Doelpolder Noord: eiland",BL27,Oost-Vlaanderen,51.3322222222222,4.23777777777778,"Pied Avocet, white ring with 4 letters (first=E)",Pied Avocet,4560,26218,4578,W-EASN,LBWN(EASN),U,2015,pullus,N,Y,alive and healthy,,842,Geert Spanoghe,,2019-05-21,trusted,,x,unknown or unrecorded
607916,112042,2016-05-10,,"Doel, Doelpolder Noord: eiland",BL27,Oost-Vlaanderen,51.3322222222222,4.23777777777778,"Pied Avocet, white ring with 4 letters (first=E)",Pied Avocet,4560,26218,4578,W-EASN,LBWN(EASN),U,2015,pullus,N,Y,alive and healthy,,2968,Dirk Draulans,,2019-05-21,trusted,,x,unknown or unrecorded
607930,112043,2016-05-10,,"Doel, Doelpolder Noord: eiland",BL27,Oost-Vlaanderen,51.3322222222222,4.23777777777778,"Pied Avocet, white ring with 4 letters (first=E)",Pied Avocet,4560,26223,4583,W-EASU,LBWN(EASU),U,2015,pullus,N,Y,alive and healthy,,2968,Dirk Draulans,,2019-05-21,trusted,,x,unknown or unrecorded
1099920,111542,2016-04-20,,"Le Crotoy, Parque Ornithologique du Marquenterre",FR09,Somme,50.2063888888889,1.62666666666667,"Pied Avocet, white ring with 4 letters (first=E)",Pied Avocet,4560,26193,2505,W-EAPS,LBWN(EAPS),U,2015,pullus,N,Y,alive and healthy,,3293,Jean-Claude Guillo,,2020-10-15,trusted,,x,unknown or unrecorded
607830,111494,2016-04-03,,"Kruibeke, Kortbroek",BL27,Oost-Vlaanderen,51.2922222222222,4.20305555555556,"Pied Avocet, white ring with 4 letters (first=E)",Pied Avocet,4560,26181,873,W-EAKU,LBWN(EAKU),F,,>4 cy,N,Y,alive and healthy,,5103,Werner Van Mele,,2019-05-21,trusted,,x,unknown or unrecorded
607913,110755,2016-01-26,,"Terneuzen, Braakmanhaven",NL18,Westerschelde - Zeeland,51.3422222222222,3.76361111111111,"Pied Avocet, white ring with 4 letters (first=E)",Pied Avocet,4560,26217,4577,W-EASM,LBWN(EASM),U,2015,pullus,N,Y,alive and healthy,,962,Pim Wolf,,2019-05-21,trusted,,x,unknown or unrecorded
607820,110547,2015-12-29,,"Lymington, Normandy Marsh",GBHA,Hampshire,50.7575,-1.54722222222222,"Pied Avocet, white ring with 4 letters (first=E)",Pied Avocet,4560,26180,871,W-EAHM,LBWN(EAHM),U,2012,pullus,N,Y,alive and healthy,,3561,John Swallow,,2019-05-21,trusted,,x,unknown or unrecorded
607922,108826,2015-09-09,,"Doel, Doeldok",BL27,Oost-Vlaanderen,51.2963888888889,4.24472222222222,"Pied Avocet, white ring with 4 letters (first=E)",Pied Avocet,4560,26221,4581,W-EAST,LBWN(EAST),U,2015,pullus,N,Y,alive and healthy,,842,Geert Spanoghe,,2019-05-21,trusted,,x,unknown or unrecorded
607876,108570,2015-09-01,,"Bough Beech, Bough Beech Reservoir",GBKE,Kent,51.2127777777778,0.136944444444444,"Pied Avocet, white ring with 4 letters (first=E)",Pied Avocet,4560,26197,2509,W-EAPX,LBWN(EAPX),U,2015,pullus,N,Y,alive and healthy,,5102,Martin Warburton,,2019-05-21,trusted,,x,unknown or unrecorded
607875,108569,2015-08-31,,"Bough Beech, Bough Beech Reservoir",GBKE,Kent,51.2127777777778,0.136944444444444,"Pied Avocet, white ring with 4 letters (first=E)",Pied Avocet,4560,26197,2509,W-EAPX,LBWN(EAPX),U,2015,pullus,N,Y,alive and healthy,,5102,Martin Warburton,,2019-05-21,trusted,,x,unknown or unrecorded
607934,108635,2015-07-30,,"Kieldrecht, Putten Plas",BL27,Oost-Vlaanderen,51.2816666666667,4.21666666666667,"Pied Avocet, white ring with 4 letters (first=E)",Pied Avocet,4560,26225,4585,W-EAUE,LBWN(EAUE),U,2015,pullus,N,Y,alive and healthy,,842,Geert Spanoghe,,2019-05-21,trusted,,x,unknown or unrecorded
607937,108636,2015-07-30,,"Kieldrecht, Putten Plas",BL27,Oost-Vlaanderen,51.2816666666667,4.21666666666667,"Pied Avocet, white ring with 4 letters (first=E)",Pied Avocet,4560,26226,4586,W-EAUH,LBWN(EAUH),U,2015,pullus,N,Y,alive and healthy,INBO original notes:  net vliegvlug.,842,Geert Spanoghe,,2019-05-21,trusted,,x,unknown or unrecorded
1104380,108632,2015-07-30,,"Kieldrecht, Putten Plas",BL27,Oost-Vlaanderen,51.2816666666667,4.21666666666667,"Pied Avocet, white ring with 4 letters (first=E)",Pied Avocet,4560,26229,5023,W-EAUK,LBWN(EAUK),U,2015,pullus,Y,Y,alive and healthy,,842,Geert Spanoghe,,2020-10-15,trusted,,x,not applicable (chick)
1104381,108633,2015-07-30,,"Kieldrecht, Putten Plas",BL27,Oost-Vlaanderen,51.2816666666667,4.21666666666667,"Pied Avocet, white ring with 4 letters (first=E)",Pied Avocet,4560,26230,5024,W-EAUL,LBWN(EAUL),U,2015,pullus,Y,Y,alive and healthy,,842,Geert Spanoghe,,2020-10-15,trusted,,x,not applicable (chick)
607904,107793,2015-07-25,,"Faversham, Oare Marshes",GBKE,Kent,51.3313888888889,0.881666666666667,"Pied Avocet, white ring with 4 letters (first=E)",Pied Avocet,4560,26213,4567,W-EAPR,LBWN(EAPR),U,2015,pullus,N,Y,alive and healthy,,1096,Martin Collins,,2019-05-21,trusted,,x,unknown or unrecorded
607933,108631,2015-07-24,,"Kieldrecht, Putten Plas",BL27,Oost-Vlaanderen,51.2816666666667,4.21666666666667,"Pied Avocet, white ring with 4 letters (first=E)",Pied Avocet,4560,26225,4585,W-EAUE,LBWN(EAUE),U,2015,pullus,N,Y,alive and healthy,,842,Geert Spanoghe,,2019-05-21,trusted,,x,not applicable (chick)
607936,108630,2015-07-24,,"Kieldrecht, Putten Plas",BL27,Oost-Vlaanderen,51.2816666666667,4.21666666666667,"Pied Avocet, white ring with 4 letters (first=E)",Pied Avocet,4560,26226,4586,W-EAUH,LBWN(EAUH),U,2015,pullus,N,Y,alive and healthy,,842,Geert Spanoghe,,2019-05-21,trusted,,x,not applicable (chick)
607931,108627,2015-07-20,,"Doel, Doeldok",BL27,Oost-Vlaanderen,51.2963888888889,4.24472222222222,"Pied Avocet, white ring with 4 letters (first=E)",Pied Avocet,4560,26224,4584,W-EAUA,LBWN(EAUA),U,2015,pullus,Y,Y,alive and healthy,,842,Geert Spanoghe,,2019-05-21,trusted,,x,not applicable (chick)
607932,108628,2015-07-20,,"Kieldrecht, Putten Plas",BL27,Oost-Vlaanderen,51.2816666666667,4.21666666666667,"Pied Avocet, white ring with 4 letters (first=E)",Pied Avocet,4560,26225,4585,W-EAUE,LBWN(EAUE),U,2015,pullus,Y,Y,alive and healthy,,842,Geert Spanoghe,,2019-05-21,trusted,,x,not applicable (chick)
607935,108629,2015-07-20,,"Kieldrecht, Putten Plas",BL27,Oost-Vlaanderen,51.2816666666667,4.21666666666667,"Pied Avocet, white ring with 4 letters (first=E)",Pied Avocet,4560,26226,4586,W-EAUH,LBWN(EAUH),U,2015,pullus,Y,Y,alive and healthy,,842,Geert Spanoghe,,2019-05-21,trusted,,x,not applicable (chick)
607895,108625,2015-07-08,,"Lillo, Potpolder",BL20,Antwerpen,51.3011111111111,4.29777777777778,"Pied Avocet, white ring with 4 letters (first=E)",Pied Avocet,4560,26210,4564,W-EAPM,LBWN(EAPM),U,2015,pullus,N,Y,alive and healthy,,842,Geert Spanoghe,,2019-05-21,trusted,,x,not applicable (chick)
607896,108626,2015-07-08,,"Lillo, Potpolder",BL20,Antwerpen,51.3011111111111,4.29777777777778,"Pied Avocet, white ring with 4 letters (first=E)",Pied Avocet,4560,26210,4564,W-EAPM,LBWN(EAPM),U,2015,pullus,N,Y,alive and healthy,,842,Geert Spanoghe,,2019-05-21,trusted,,x,not applicable (chick)
607925,108797,2015-07-08,,"Kruibeke, Kortbroek",BL27,Oost-Vlaanderen,51.2922222222222,4.20305555555556,"Pied Avocet, white ring with 4 letters (first=E)",Pied Avocet,4560,26222,4582,W-EASV,LBWN(EASV),U,2015,pullus,N,Y,alive and healthy,,842,Geert Spanoghe,,2019-05-21,trusted,,x,not applicable (chick)
607929,108796,2015-07-08,,"Kruibeke, Kortbroek",BL27,Oost-Vlaanderen,51.2922222222222,4.20305555555556,"Pied Avocet, white ring with 4 letters (first=E)",Pied Avocet,4560,26223,4583,W-EASU,LBWN(EASU),U,2015,pullus,N,Y,alive and healthy,,842,Geert Spanoghe,,2019-05-21,trusted,,x,not applicable (chick)
607871,108623,2015-07-06,,"Doel, Doelpolder Noord: eiland",BL27,Oost-Vlaanderen,51.3322222222222,4.23777777777778,"Pied Avocet, white ring with 4 letters (first=E)",Pied Avocet,4560,26196,2508,W-EAPV,LBWN(EAPV),U,2015,pullus,N,Y,alive and healthy,,842,Geert Spanoghe,,2019-05-21,trusted,,x,not applicable (chick)
607874,108624,2015-07-06,,"Doel, Doelpolder Noord: eiland",BL27,Oost-Vlaanderen,51.3322222222222,4.23777777777778,"Pied Avocet, white ring with 4 letters (first=E)",Pied Avocet,4560,26197,2509,W-EAPX,LBWN(EAPX),U,2015,pullus,N,Y,alive and healthy,,842,Geert Spanoghe,,2019-05-21,trusted,,x,not applicable (chick)
607866,108620,2015-07-02,,"Verrebroek, Noord-Zuidverbinding: NZ",BL27,Oost-Vlaanderen,51.2697222222222,4.19138888888889,"Pied Avocet, white ring with 4 letters (first=E)",Pied Avocet,4560,26195,2507,W-EAPU,LBWN(EAPU),U,2015,pullus,N,Y,alive and healthy,,842,Geert Spanoghe,,2019-05-21,trusted,,x,not applicable (chick)
607867,108621,2015-07-02,,"Verrebroek, Noord-Zuidverbinding: NZ",BL27,Oost-Vlaanderen,51.2697222222222,4.19138888888889,"Pied Avocet, white ring with 4 letters (first=E)",Pied Avocet,4560,26195,2507,W-EAPU,LBWN(EAPU),U,2015,pullus,N,Y,alive and healthy,,842,Geert Spanoghe,,2019-05-21,trusted,,x,not applicable (chick)
607924,108612,2015-07-02,,"Kruibeke, Kortbroek",BL27,Oost-Vlaanderen,51.2922222222222,4.20305555555556,"Pied Avocet, white ring with 4 letters (first=E)",Pied Avocet,4560,26222,4582,W-EASV,LBWN(EASV),U,2015,pullus,Y,Y,alive and healthy,,842,Geert Spanoghe,,2019-05-21,trusted,,x,not applicable (chick)
607928,108611,2015-07-02,,"Kruibeke, Kortbroek",BL27,Oost-Vlaanderen,51.2922222222222,4.20305555555556,"Pied Avocet, white ring with 4 letters (first=E)",Pied Avocet,4560,26223,4583,W-EASU,LBWN(EASU),U,2015,pullus,Y,Y,alive and healthy,,842,Geert Spanoghe,,2019-05-21,trusted,,x,not applicable (chick)
1099919,108618,2015-07-02,,"Verrebroek, Noord-Zuidverbinding: NZ",BL27,Oost-Vlaanderen,51.2697222222222,4.19138888888889,"Pied Avocet, white ring with 4 letters (first=E)",Pied Avocet,4560,26193,2505,W-EAPS,LBWN(EAPS),U,2015,pullus,N,Y,alive and healthy,,842,Geert Spanoghe,,2020-10-15,trusted,,x,not applicable (chick)
1099923,108619,2015-07-02,,"Verrebroek, Noord-Zuidverbinding: NZ",BL27,Oost-Vlaanderen,51.2697222222222,4.19138888888889,"Pied Avocet, white ring with 4 letters (first=E)",Pied Avocet,4560,26194,2506,W-EAPT,LBWN(EAPT),U,2015,pullus,N,Y,alive and healthy,,842,Geert Spanoghe,,2020-10-15,trusted,,x,not applicable (chick)
1099995,108622,2015-07-02,,"Verrebroek, Noord-Zuidverbinding: NZ",BL27,Oost-Vlaanderen,51.2697222222222,4.19138888888889,"Pied Avocet, white ring with 4 letters (first=E)",Pied Avocet,4560,26199,2541,W-EASE,LBWN(EASE),U,2015,pullus,N,Y,alive and healthy,,842,Geert Spanoghe,,2020-10-15,trusted,,x,not applicable (chick)
607921,108610,2015-06-22,,"Kieldrecht, Putten West: PW Zuid",BL27,Oost-Vlaanderen,51.2922222222222,4.20305555555556,"Pied Avocet, white ring with 4 letters (first=E)",Pied Avocet,4560,26221,4581,W-EAST,LBWN(EAST),U,2015,pullus,Y,Y,alive and healthy,,842,Geert Spanoghe,,2019-05-21,trusted,,x,not applicable (chick)
607898,108616,2015-06-19,,"Bazel, Bazel Noord",BL27,Oost-Vlaanderen,51.3322222222222,4.23777777777778,"Pied Avocet, white ring with 4 letters (first=E)",Pied Avocet,4560,26211,4565,W-EAPN,LBWN(EAPN),U,2015,pullus,N,Y,alive and healthy,,842,Geert Spanoghe,,2019-05-21,trusted,,x,not applicable (chick)
607900,108617,2015-06-19,,"Bazel, Bazel Noord",BL27,Oost-Vlaanderen,51.3322222222222,4.23777777777778,"Pied Avocet, white ring with 4 letters (first=E)",Pied Avocet,4560,26212,4566,W-EAPP,LBWN(EAPP),U,2015,pullus,N,Y,alive and healthy,,842,Geert Spanoghe,,2019-05-21,trusted,,x,not applicable (chick)
607917,108608,2015-06-19,,"Kruibeke, Kortbroek",BL27,Oost-Vlaanderen,51.2922222222222,4.20305555555556,"Pied Avocet, white ring with 4 letters (first=E)",Pied Avocet,4560,26219,4579,W-EASP,LBWN(EASP),U,2015,pullus,Y,Y,alive and healthy,,842,Geert Spanoghe,,2019-05-21,trusted,,x,not applicable (chick)
607920,108609,2015-06-19,,"Kruibeke, Kortbroek",BL27,Oost-Vlaanderen,51.2922222222222,4.20305555555556,"Pied Avocet, white ring with 4 letters (first=E)",Pied Avocet,4560,26220,4580,W-EASS,LBWN(EASS),U,2015,pullus,Y,Y,alive and healthy,,842,Geert Spanoghe,,2019-05-21,trusted,,x,not applicable (chick)
607959,107333,2015-06-18,,"Den Oever, Vatrop Plasje",NL14,Noord-Holland,52.9338888888889,5.0,"Pied Avocet, white ring with 4 letters (first=E)",Pied Avocet,4560,26236,6813,W-EAKP,LBWN(EAKP),U,2010,pullus,N,Y,alive and healthy,,202,Fred Visscher,,2019-05-21,trusted,,x,unknown or unrecorded
607865,108614,2015-06-15,,"Verrebroek, Noord-Zuidverbinding: NZ",BL27,Oost-Vlaanderen,51.2697222222222,4.19138888888889,"Pied Avocet, white ring with 4 letters (first=E)",Pied Avocet,4560,26195,2507,W-EAPU,LBWN(EAPU),U,2015,pullus,N,Y,alive and healthy,,842,Geert Spanoghe,,2019-05-21,trusted,,x,not applicable (chick)
607873,108615,2015-06-15,,"Doel, Doelpolder Noord: eiland",BL27,Oost-Vlaanderen,51.3322222222222,4.23777777777778,"Pied Avocet, white ring with 4 letters (first=E)",Pied Avocet,4560,26197,2509,W-EAPX,LBWN(EAPX),U,2015,pullus,N,Y,alive and healthy,,842,Geert Spanoghe,,2019-05-21,trusted,,x,not applicable (chick)
607911,108605,2015-06-15,,"Doel, Doelpolder Noord: eiland",BL27,Oost-Vlaanderen,51.3322222222222,4.23777777777778,"Pied Avocet, white ring with 4 letters (first=E)",Pied Avocet,4560,26216,4576,W-EASL,LBWN(EASL),U,2015,pullus,Y,Y,alive and healthy,,842,Geert Spanoghe,,2019-05-21,trusted,,x,not applicable (chick)
607912,108606,2015-06-15,,"Doel, Doelpolder Noord: eiland",BL27,Oost-Vlaanderen,51.3322222222222,4.23777777777778,"Pied Avocet, white ring with 4 letters (first=E)",Pied Avocet,4560,26217,4577,W-EASM,LBWN(EASM),U,2015,pullus,Y,Y,alive and healthy,,842,Geert Spanoghe,,2019-05-21,trusted,,x,not applicable (chick)
607914,108607,2015-06-15,,"Doel, Doelpolder Noord: eiland",BL27,Oost-Vlaanderen,51.3322222222222,4.23777777777778,"Pied Avocet, white ring with 4 letters (first=E)",Pied Avocet,4560,26218,4578,W-EASN,LBWN(EASN),U,2015,pullus,Y,Y,alive and healthy,,842,Geert Spanoghe,,2019-05-21,trusted,,x,not applicable (chick)
1099994,108601,2015-06-15,,"Verrebroek, Noord-Zuidverbinding: NZ",BL27,Oost-Vlaanderen,51.2697222222222,4.19138888888889,"Pied Avocet, white ring with 4 letters (first=E)",Pied Avocet,4560,26199,2541,W-EASE,LBWN(EASE),U,2015,pullus,Y,Y,alive and healthy,,842,Geert Spanoghe,,2020-10-15,trusted,,x,not applicable (chick)
1099999,108602,2015-06-15,,"Kieldrecht, Putten West: PW Zuid",BL27,Oost-Vlaanderen,51.2922222222222,4.20305555555556,"Pied Avocet, white ring with 4 letters (first=E)",Pied Avocet,4560,26200,2542,W-EASH,LBWN(EASH),U,2015,pullus,Y,Y,alive and healthy,,842,Geert Spanoghe,,2020-10-15,trusted,,x,not applicable (chick)
1103487,108603,2015-06-15,,"Kieldrecht, Putten West: PW Zuid",BL27,Oost-Vlaanderen,51.2922222222222,4.20305555555556,"Pied Avocet, white ring with 4 letters (first=E)",Pied Avocet,4560,26214,4574,W-EASJ,LBWN(EASJ),U,2015,pullus,Y,Y,alive and healthy,,842,Geert Spanoghe,,2020-10-15,trusted,,x,not applicable (chick)
1103488,108604,2015-06-15,,"Kieldrecht, Putten West: PW Zuid",BL27,Oost-Vlaanderen,51.2922222222222,4.20305555555556,"Pied Avocet, white ring with 4 letters (first=E)",Pied Avocet,4560,26215,4575,W-EASK,LBWN(EASK),U,2015,pullus,Y,Y,alive and healthy,,842,Geert Spanoghe,,2020-10-15,trusted,,x,not applicable (chick)
607864,107788,2015-06-09,,"Verrebroek, Noord-Zuidverbinding: NZ",BL27,Oost-Vlaanderen,51.2697222222222,4.19138888888889,"Pied Avocet, white ring with 4 letters (first=E)",Pied Avocet,4560,26195,2507,W-EAPU,LBWN(EAPU),U,2015,pullus,Y,Y,alive and healthy,,842,Geert Spanoghe,,2019-05-21,trusted,,x,not applicable (chick)
607870,107790,2015-06-09,,"Doel, Doelpolder Noord: eiland",BL27,Oost-Vlaanderen,51.3322222222222,4.23777777777778,"Pied Avocet, white ring with 4 letters (first=E)",Pied Avocet,4560,26196,2508,W-EAPV,LBWN(EAPV),U,2015,pullus,Y,Y,alive and healthy,,842,Geert Spanoghe,,2019-05-21,trusted,,x,not applicable (chick)
607872,107791,2015-06-09,,"Doel, Doelpolder Noord: eiland",BL27,Oost-Vlaanderen,51.3322222222222,4.23777777777778,"Pied Avocet, white ring with 4 letters (first=E)",Pied Avocet,4560,26197,2509,W-EAPX,LBWN(EAPX),U,2015,pullus,Y,Y,alive and healthy,,842,Geert Spanoghe,,2019-05-21,trusted,,x,not applicable (chick)
607877,107789,2015-06-09,,"Verrebroek, Noord-Zuidverbinding: NZ",BL27,Oost-Vlaanderen,51.2697222222222,4.19138888888889,"Pied Avocet, white ring with 4 letters (first=E)",Pied Avocet,4560,26198,2510,W-EASA,LBWN(EASA),U,2015,pullus,Y,Y,alive and healthy,,842,Geert Spanoghe,,2019-05-21,trusted,,x,not applicable (chick)
1099918,107786,2015-06-09,,"Verrebroek, Noord-Zuidverbinding: NZ",BL27,Oost-Vlaanderen,51.2697222222222,4.19138888888889,"Pied Avocet, white ring with 4 letters (first=E)",Pied Avocet,4560,26193,2505,W-EAPS,LBWN(EAPS),U,2015,pullus,Y,Y,alive and healthy,,842,Geert Spanoghe,,2020-10-15,trusted,,x,not applicable (chick)
1099922,107787,2015-06-09,,"Verrebroek, Noord-Zuidverbinding: NZ",BL27,Oost-Vlaanderen,51.2697222222222,4.19138888888889,"Pied Avocet, white ring with 4 letters (first=E)",Pied Avocet,4560,26194,2506,W-EAPT,LBWN(EAPT),U,2015,pullus,Y,Y,alive and healthy,,842,Geert Spanoghe,,2020-10-15,trusted,,x,not applicable (chick)
607891,107758,2015-06-07,,"Kieldrecht, Putten West: PW Zuid",BL27,Oost-Vlaanderen,51.2922222222222,4.20305555555556,"Pied Avocet, white ring with 4 letters (first=E)",Pied Avocet,4560,26207,4561,W-EAPJ,LBWN(EAPJ),U,2015,pullus,Y,Y,alive and healthy,,4142,Tim Audenaert,,2019-05-21,trusted,,x,not applicable (chick)
607892,107759,2015-06-07,,"Kieldrecht, Putten West: PW Zuid",BL27,Oost-Vlaanderen,51.2922222222222,4.20305555555556,"Pied Avocet, white ring with 4 letters (first=E)",Pied Avocet,4560,26208,4562,W-EAPK,LBWN(EAPK),U,2015,pullus,Y,Y,alive and healthy,,4142,Tim Audenaert,,2019-05-21,trusted,,x,not applicable (chick)
607893,107760,2015-06-07,,"Kieldrecht, Putten West: PW Zuid",BL27,Oost-Vlaanderen,51.2922222222222,4.20305555555556,"Pied Avocet, white ring with 4 letters (first=E)",Pied Avocet,4560,26209,4563,W-EAPL,LBWN(EAPL),U,2015,pullus,Y,Y,alive and healthy,,4142,Tim Audenaert,,2019-05-21,trusted,,x,not applicable (chick)
607894,107761,2015-06-07,,"Kruibeke, Kortbroek",BL27,Oost-Vlaanderen,51.2922222222222,4.20305555555556,"Pied Avocet, white ring with 4 letters (first=E)",Pied Avocet,4560,26210,4564,W-EAPM,LBWN(EAPM),U,2015,pullus,Y,Y,alive and healthy,,842,Geert Spanoghe,,2019-05-21,trusted,,x,not applicable (chick)
607897,107762,2015-06-07,,"Kruibeke, Kortbroek",BL27,Oost-Vlaanderen,51.2922222222222,4.20305555555556,"Pied Avocet, white ring with 4 letters (first=E)",Pied Avocet,4560,26211,4565,W-EAPN,LBWN(EAPN),U,2015,pullus,Y,Y,alive and healthy,,842,Geert Spanoghe,,2019-05-21,trusted,,x,not applicable (chick)
607899,107763,2015-06-07,,"Kruibeke, Kortbroek",BL27,Oost-Vlaanderen,51.2922222222222,4.20305555555556,"Pied Avocet, white ring with 4 letters (first=E)",Pied Avocet,4560,26212,4566,W-EAPP,LBWN(EAPP),U,2015,pullus,Y,Y,alive and healthy,,842,Geert Spanoghe,,2019-05-21,trusted,,x,not applicable (chick)
607901,107764,2015-06-07,,"Kruibeke, Kortbroek",BL27,Oost-Vlaanderen,51.2922222222222,4.20305555555556,"Pied Avocet, white ring with 4 letters (first=E)",Pied Avocet,4560,26213,4567,W-EAPR,LBWN(EAPR),U,2015,pullus,Y,Y,alive and healthy,,842,Geert Spanoghe,,2019-05-21,trusted,,x,not applicable (chick)
1103457,107756,2015-06-05,,"Kieldrecht, Putten West: PW Zuid",BL27,Oost-Vlaanderen,51.2922222222222,4.20305555555556,"Pied Avocet, white ring with 4 letters (first=E)",Pied Avocet,4560,26205,4559,W-EAPE,LBWN(EAPE),U,2015,pullus,Y,Y,alive and healthy,,842,Geert Spanoghe,,2020-10-15,trusted,,x,not applicable (chick)
1103458,107757,2015-06-05,,"Kieldrecht, Putten West: PW Zuid",BL27,Oost-Vlaanderen,51.2922222222222,4.20305555555556,"Pied Avocet, white ring with 4 letters (first=E)",Pied Avocet,4560,26206,4560,W-EAPH,LBWN(EAPH),U,2015,pullus,Y,Y,alive and healthy,,842,Geert Spanoghe,,2020-10-15,trusted,,x,not applicable (chick)
1103785,107755,2015-06-05,,"Kieldrecht, Putten West: PW Zuid",BL27,Oost-Vlaanderen,51.2922222222222,4.20305555555556,"Pied Avocet, white ring with 4 letters (first=E)",Pied Avocet,4560,26227,4774,W-EAPA,LBWN(EAPA),U,2015,pullus,Y,Y,alive and healthy,,842,Geert Spanoghe,,2020-10-15,trusted,,x,not applicable (chick)
1106610,107180,2015-06-02,,"Kieldrecht, De Putten",BL27,Oost-Vlaanderen,51.2905555555556,4.22027777777778,"Pied Avocet, white ring with 4 letters (first=E)",Pied Avocet,4560,26240,6900,W-EAAK,LBWN(EAAK),U,2010,pullus,N,Y,alive and healthy,"INBO original notes:  nest zoekend, wijfje.",842,Geert Spanoghe,,2020-10-15,trusted,,x,unknown or unrecorded
607825,107179,2015-05-31,,"Lillo, Potpolder",BL20,Antwerpen,51.3011111111111,4.29777777777778,"Pied Avocet, white ring with 4 letters (first=E)",Pied Avocet,4560,26181,873,W-EAKU,LBWN(EAKU),F,,>4 cy,N,Y,alive and healthy,,842,Geert Spanoghe,,2019-05-21,trusted,,x,unknown or unrecorded
1106617,107181,2015-05-29,,"Doel, Doelpolder Noord: eiland",BL27,Oost-Vlaanderen,51.3322222222222,4.23777777777778,"Pied Avocet, white ring with 4 letters (first=E)",Pied Avocet,4560,26242,6902,W-EAAM,LBWN(EAAM),U,2010,pullus,N,Y,alive and healthy,,842,Geert Spanoghe,,2020-10-15,trusted,,x,breeding bird
1110947,107182,2015-05-29,,"Doel, Doelpolder Noord: eiland",BL27,Oost-Vlaanderen,51.3322222222222,4.23777777777778,"Pied Avocet, white ring with 4 letters (first=E)",Pied Avocet,4560,26185,2291,W-EAHR,LBWN(EAHR),U,2013,pullus,N,Y,alive and healthy,,842,Geert Spanoghe,,2020-10-18,trusted,,x,breeding bird
607828,107183,2015-05-16,,"Lillo, Potpolder",BL20,Antwerpen,51.3011111111111,4.29777777777778,"Pied Avocet, white ring with 4 letters (first=E)",Pied Avocet,4560,26181,873,W-EAKU,LBWN(EAKU),F,,>4 cy,N,Y,alive and healthy,,1139,Le Dreff Alain,,2019-05-21,trusted,,x,unknown or unrecorded
607824,107001,2015-05-12,,"Lillo, Potpolder",BL20,Antwerpen,51.3011111111111,4.29777777777778,"Pied Avocet, white ring with 4 letters (first=E)",Pied Avocet,4560,26181,873,W-EAKU,LBWN(EAKU),F,,>4 cy,N,Y,alive and healthy,,842,Geert Spanoghe,,2019-05-21,trusted,,x,unknown or unrecorded
607813,106632,2015-05-04,,"Doel, Doelpolder Noord",BL27,Oost-Vlaanderen,51.3322222222222,4.23777777777778,"Pied Avocet, white ring with 4 letters (first=E)",Pied Avocet,4560,26179,870,W-EAHK,LBWN(EAHK),U,2012,pullus,N,Y,alive and healthy,"INBO original notes:  gekoppeld, geen vaste nestplaats.",842,Geert Spanoghe,,2019-05-21,trusted,,x,unknown or unrecorded
1110946,106631,2015-04-30,,"Beveren, Prosperpolder Noord: eiland 6",BL27,Oost-Vlaanderen,51.3322222222222,4.23777777777778,"Pied Avocet, white ring with 4 letters (first=E)",Pied Avocet,4560,26185,2291,W-EAHR,LBWN(EAHR),U,2013,pullus,N,Y,alive and healthy,"INBO original notes:  gekoppeld, nog niet met nestplaats.",842,Geert Spanoghe,,2020-10-18,trusted,,x,unknown or unrecorded
607983,106419,2015-04-26,,"Gent, Kluizendok",BL27,Oost-Vlaanderen,51.1666666666667,3.78333333333333,"Pied Avocet, white ring with 4 letters (first=E)",Pied Avocet,4560,26244,6904,W-EAAP,LBWN(EAAP),U,2010,pullus,N,Y,alive and healthy,,842,Geert Spanoghe,,2019-05-21,trusted,,x,unknown or unrecorded
1099527,107184,2015-04-17,,"Doel, Doelpolder Noord: eiland",BL27,Oost-Vlaanderen,51.3322222222222,4.23777777777778,"Pied Avocet, white ring with 4 letters (first=E)",Pied Avocet,4560,26192,2381,W-EAAX,LBWN(EAAX),F,,>4 cy,N,Y,alive and healthy,,842,Geert Spanoghe,,2020-10-14,trusted,,x,unknown or unrecorded
607819,106076,2015-04-06,,"Gent, Kluizendok: Kesteleyn",BL27,Oost-Vlaanderen,51.1666666666667,3.78333333333333,"Pied Avocet, white ring with 4 letters (first=E)",Pied Avocet,4560,26180,871,W-EAHM,LBWN(EAHM),U,2012,pullus,N,Y,alive and healthy,,842,Geert Spanoghe,,2019-05-21,trusted,,x,unknown or unrecorded
607850,105995,2015-04-01,,"Gent, Kluizendok",BL27,Oost-Vlaanderen,51.1666666666667,3.78333333333333,"Pied Avocet, white ring with 4 letters (first=E)",Pied Avocet,4560,26191,2297,W-EAMA,LBWN(EAMA),U,2013,pullus,N,Y,alive and healthy,,842,Geert Spanoghe,,2019-05-21,trusted,,x,unknown or unrecorded
607982,105996,2015-04-01,,"Gent, Kluizendok",BL27,Oost-Vlaanderen,51.1666666666667,3.78333333333333,"Pied Avocet, white ring with 4 letters (first=E)",Pied Avocet,4560,26244,6904,W-EAAP,LBWN(EAAP),U,2010,pullus,N,Y,alive and healthy,,842,Geert Spanoghe,,2019-05-21,trusted,,x,unknown or unrecorded
607849,105818,2015-03-13,,"Gent, Kluizendok",BL27,Oost-Vlaanderen,51.1666666666667,3.78333333333333,"Pied Avocet, white ring with 4 letters (first=E)",Pied Avocet,4560,26191,2297,W-EAMA,LBWN(EAMA),U,2013,pullus,N,Y,alive and healthy,,842,Geert Spanoghe,,2019-05-21,trusted,,x,unknown or unrecorded
1106616,101850,2014-05-20,,"Doel, Doelpolder Noord",BL27,Oost-Vlaanderen,51.3322222222222,4.23777777777778,"Pied Avocet, white ring with 4 letters (first=E)",Pied Avocet,4560,26242,6902,W-EAAM,LBWN(EAAM),U,2010,pullus,N,Y,alive and healthy,INBO original notes:  Op broedeiland.,3985,Björn Deduytsche,,2020-10-15,trusted,,x,unknown or unrecorded
607809,101665,2014-05-19,,"Doel, Doelpolder Noord",BL27,Oost-Vlaanderen,51.3322222222222,4.23777777777778,"Pied Avocet, white ring with 4 letters (first=E)",Pied Avocet,4560,26178,869,W-EAHJ,LBWN(EAHJ),U,2012,pullus,N,Y,alive and healthy,INBO original notes:  broedeiland.,3985,Björn Deduytsche,,2019-05-21,trusted,,x,unknown or unrecorded
607804,101666,2014-05-15,,"Beveren, Prosperpolder Noord",BL27,Oost-Vlaanderen,51.3322222222222,4.23777777777778,"Pied Avocet, white ring with 4 letters (first=E)",Pied Avocet,4560,26178,869,W-EAHJ,LBWN(EAHJ),U,2012,pullus,N,Y,alive and healthy,INBO original notes:  spuikom.,842,Geert Spanoghe,,2019-05-21,trusted,,x,unknown or unrecorded
607840,101086,2014-05-11,,"Westdorpe, Autrichepolder",NL18,Zeeland,51.2333333333333,3.83333333333333,"Pied Avocet, white ring with 4 letters (first=E)",Pied Avocet,4560,26186,2292,W-EAHS,LBWN(EAHS),U,2013,pullus,N,Y,alive and healthy,"INBO original notes:  copulerend, man (moeilijk afgelezen).",842,Geert Spanoghe,,2019-05-21,trusted,,x,unknown or unrecorded
607812,104528,2014-04-25,,"Doel, Doelpolder Noord: eiland",BL27,Oost-Vlaanderen,51.3322222222222,4.23777777777778,"Pied Avocet, white ring with 4 letters (first=E)",Pied Avocet,4560,26179,870,W-EAHK,LBWN(EAHK),U,2012,pullus,N,Y,alive and healthy,,842,Geert Spanoghe,,2019-05-21,trusted,,x,unknown or unrecorded
607817,100333,2014-04-23,,"Doel, Doelpolder Noord",BL27,Oost-Vlaanderen,51.3322222222222,4.23777777777778,"Pied Avocet, white ring with 4 letters (first=E)",Pied Avocet,4560,26179,870,W-EAHK,LBWN(EAHK),U,2012,pullus,N,Y,alive and healthy,INBO original notes:  op broedeiland.,3985,Björn Deduytsche,,2019-05-21,trusted,,x,unknown or unrecorded
607848,100335,2014-04-22,,"Gent, Kluizendok",BL27,Oost-Vlaanderen,51.1666666666667,3.78333333333333,"Pied Avocet, white ring with 4 letters (first=E)",Pied Avocet,4560,26191,2297,W-EAMA,LBWN(EAMA),U,2013,pullus,N,Y,alive and healthy,INBO original notes:  gekoppeld.,842,Geert Spanoghe,,2019-05-21,trusted,,x,unknown or unrecorded
607816,100085,2014-04-13,,"Doel, Doelpolder Noord",BL27,Oost-Vlaanderen,51.3322222222222,4.23777777777778,"Pied Avocet, white ring with 4 letters (first=E)",Pied Avocet,4560,26179,870,W-EAHK,LBWN(EAHK),U,2012,pullus,N,Y,alive and healthy,INBO original notes:  op broedeiland.,3985,Björn Deduytsche,,2019-05-21,trusted,,x,unknown or unrecorded
607815,100084,2014-04-12,,"Doel, Doelpolder Noord",BL27,Oost-Vlaanderen,51.3322222222222,4.23777777777778,"Pied Avocet, white ring with 4 letters (first=E)",Pied Avocet,4560,26179,870,W-EAHK,LBWN(EAHK),U,2012,pullus,N,Y,alive and healthy,INBO original notes:  op broedeiland.,3985,Björn Deduytsche,,2019-05-21,trusted,,x,unknown or unrecorded
607811,100334,2014-04-02,,"Doel, Paardenschor",BL27,Oost-Vlaanderen,51.3344444444444,4.25194444444444,"Pied Avocet, white ring with 4 letters (first=E)",Pied Avocet,4560,26179,870,W-EAHK,LBWN(EAHK),U,2012,pullus,N,Y,alive and healthy,INBO original notes:  op broedeiland.,842,Geert Spanoghe,,2019-05-21,trusted,,x,unknown or unrecorded
607814,100083,2014-04-01,,"Doel, Doelpolder Noord",BL27,Oost-Vlaanderen,51.3322222222222,4.23777777777778,"Pied Avocet, white ring with 4 letters (first=E)",Pied Avocet,4560,26179,870,W-EAHK,LBWN(EAHK),U,2012,pullus,N,Y,alive and healthy,INBO original notes:  op broedeiland.,3985,Björn Deduytsche,,2019-05-21,trusted,,x,unknown or unrecorded
1099526,100087,2014-04-01,,"Doel, Doelpolder Noord: eiland",BL27,Oost-Vlaanderen,51.3322222222222,4.23777777777778,"Pied Avocet, white ring with 4 letters (first=E)",Pied Avocet,4560,26192,2381,W-EAAX,LBWN(EAAX),F,,>4 cy,N,Y,alive and healthy,,3985,Björn Deduytsche,,2020-10-14,trusted,,x,unknown or unrecorded
607808,99885,2014-03-31,,"Doel, Doelpolder Noord",BL27,Oost-Vlaanderen,51.3322222222222,4.23777777777778,"Pied Avocet, white ring with 4 letters (first=E)",Pied Avocet,4560,26178,869,W-EAHJ,LBWN(EAHJ),U,2012,pullus,N,Y,alive and healthy,,3985,Björn Deduytsche,,2019-05-21,trusted,,x,unknown or unrecorded
1111127,97972,2013-11-18,,"Nourmoutier-en-l'Ile, RN Marais de Müllembourg",FR39,Vendée,46.9938888888889,-2.22694444444444,"Pied Avocet, white ring with 4 letters (first=E)",Pied Avocet,4560,26185,2291,W-EAHR,LBWN(EAHR),U,2013,pullus,N,Y,alive and healthy,,5101,Didier Desmots,,2020-10-18,trusted,,x,unknown or unrecorded
607853,104732,2013-11-06,,"L'Ile-d'Olonne, Marais d'Olonne",FR39,Vendée,46.55,-1.78333333333333,"Pied Avocet, white ring with 4 letters (first=E)",Pied Avocet,4560,26191,2297,W-EAMA,LBWN(EAMA),U,2013,pullus,N,Y,alive and healthy,,1228,Olivier Girard,,2019-05-21,trusted,,x,unknown or unrecorded
607852,104731,2013-11-04,,"L'Ile-d'Olonne, Réserve de Chanteloup",FR39,Vendée,46.5508333333333,-1.78638888888889,"Pied Avocet, white ring with 4 letters (first=E)",Pied Avocet,4560,26191,2297,W-EAMA,LBWN(EAMA),U,2013,pullus,N,Y,alive and healthy,,1228,Olivier Girard,,2019-05-21,trusted,,x,unknown or unrecorded
607851,104730,2013-10-23,,"L'Ile-d'Olonne, Réserve de Chanteloup",FR39,Vendée,46.5508333333333,-1.78638888888889,"Pied Avocet, white ring with 4 letters (first=E)",Pied Avocet,4560,26191,2297,W-EAMA,LBWN(EAMA),U,2013,pullus,N,Y,alive and healthy,,1198,Michel Fouquet,,2019-05-21,trusted,,x,unknown or unrecorded
607845,93432,2013-09-03,,"Westdorpe, Autrichepolder",NL18,Zeeland,51.2333333333333,3.83333333333333,"Pied Avocet, white ring with 4 letters (first=E)",Pied Avocet,4560,26191,2297,W-EAMA,LBWN(EAMA),U,2013,pullus,N,Y,alive and healthy,,760,Yves Pieters,,2019-05-21,trusted,,x,unknown or unrecorded
607991,93433,2013-08-22,,"Moriaanshoofd, Prunje",NL18,Zeeland,51.699,3.835,"Pied Avocet, white ring with 4 letters (first=E)",Pied Avocet,4560,26248,6908,W-EAAU,LBWN(EAAU),U,2010,pullus,N,Y,alive and healthy,,2085,Raf Vervoort,,2019-05-21,trusted,,x,unknown or unrecorded
607842,93428,2013-07-19,,"Gent, Kluizendok",BL27,Oost-Vlaanderen,51.1666666666667,3.78333333333333,"Pied Avocet, white ring with 4 letters (first=E)",Pied Avocet,4560,26188,2294,W-EAHU,LBWN(EAHU),U,2013,pullus,Y,Y,alive and healthy,"INBO original notes:  EAHU, V, X & EAMA: 4-ling.",842,Geert Spanoghe,,2019-05-21,trusted,,x,not applicable (chick)
607843,93429,2013-07-19,,"Gent, Kluizendok",BL27,Oost-Vlaanderen,51.1666666666667,3.78333333333333,"Pied Avocet, white ring with 4 letters (first=E)",Pied Avocet,4560,26189,2295,W-EAHV,LBWN(EAHV),U,2013,pullus,Y,Y,alive and healthy,"INBO original notes:  EAHU, EAHX, EAMA, EAHV: 4-ling.",842,Geert Spanoghe,,2019-05-21,trusted,,x,not applicable (chick)
607844,93430,2013-07-19,,"Gent, Kluizendok",BL27,Oost-Vlaanderen,51.1666666666667,3.78333333333333,"Pied Avocet, white ring with 4 letters (first=E)",Pied Avocet,4560,26190,2296,W-EAHX,LBWN(EAHX),U,2013,pullus,Y,Y,alive and healthy,"INBO original notes:  EAHU, V, X & EAMA: 4-ling.",842,Geert Spanoghe,,2019-05-21,trusted,,x,not applicable (chick)
607847,93431,2013-07-19,,"Gent, Kluizendok",BL27,Oost-Vlaanderen,51.1666666666667,3.78333333333333,"Pied Avocet, white ring with 4 letters (first=E)",Pied Avocet,4560,26191,2297,W-EAMA,LBWN(EAMA),U,2013,pullus,Y,Y,alive and healthy,"INBO original notes:  EAHU, V, X & EAMA: 4-ling.",842,Geert Spanoghe,,2019-05-21,trusted,,x,not applicable (chick)
607839,93426,2013-07-18,,"Gent, Kluizendok",BL27,Oost-Vlaanderen,51.1666666666667,3.78333333333333,"Pied Avocet, white ring with 4 letters (first=E)",Pied Avocet,4560,26186,2292,W-EAHS,LBWN(EAHS),U,2013,pullus,Y,Y,alive and healthy,INBO original notes:  EAHS & EAHT: 2-ling van EAAP.,842,Geert Spanoghe,,2019-05-21,trusted,,x,not applicable (chick)
607841,93427,2013-07-18,,"Gent, Kluizendok",BL27,Oost-Vlaanderen,51.1666666666667,3.78333333333333,"Pied Avocet, white ring with 4 letters (first=E)",Pied Avocet,4560,26187,2293,W-EAHT,LBWN(EAHT),U,2013,pullus,Y,Y,alive and healthy,INBO original notes:  EAHT & EAHS: 2-ling van EAAP.,842,Geert Spanoghe,,2019-05-21,trusted,,x,not applicable (chick)
607981,97583,2013-07-10,,"Gent, Kluizendok",BL27,Oost-Vlaanderen,51.1666666666667,3.78333333333333,"Pied Avocet, white ring with 4 letters (first=E)",Pied Avocet,4560,26244,6904,W-EAAP,LBWN(EAAP),U,2010,pullus,N,Y,alive and healthy,INBO original notes:  2 pulli  (< 10 dagen).,842,Geert Spanoghe,,2019-05-21,trusted,,x,unknown or unrecorded
1098687,93422,2013-07-04,,"Doel, Doelpolder Noord",BL27,Oost-Vlaanderen,51.3322222222222,4.23777777777778,"Pied Avocet, white ring with 4 letters (first=E)",Pied Avocet,4560,26182,1948,W-EAHL,LBWN(EAHL),U,2013,pullus,Y,Y,alive and healthy,,842,Geert Spanoghe,,2020-10-14,trusted,,x,not applicable (chick)
1098688,93423,2013-07-04,,"Doel, Doelpolder Noord",BL27,Oost-Vlaanderen,51.3322222222222,4.23777777777778,"Pied Avocet, white ring with 4 letters (first=E)",Pied Avocet,4560,26183,1949,W-EAHN,LBWN(EAHN),U,2013,pullus,Y,Y,alive and healthy,,842,Geert Spanoghe,,2020-10-14,trusted,,x,not applicable (chick)
1110944,93424,2013-07-04,,"Doel, Doelpolder Noord",BL27,Oost-Vlaanderen,51.3322222222222,4.23777777777778,"Pied Avocet, white ring with 4 letters (first=E)",Pied Avocet,4560,26184,2290,W-EAHP,RBWN(EAHP),U,2013,pullus,Y,Y,alive and healthy,,842,Geert Spanoghe,,2020-10-18,trusted,,x,not applicable (chick)
1110945,93425,2013-07-04,,"Doel, Doelpolder Noord",BL27,Oost-Vlaanderen,51.3322222222222,4.23777777777778,"Pied Avocet, white ring with 4 letters (first=E)",Pied Avocet,4560,26185,2291,W-EAHR,LBWN(EAHR),U,2013,pullus,Y,Y,alive and healthy,,842,Geert Spanoghe,,2020-10-18,trusted,,x,not applicable (chick)
607980,93962,2013-06-10,,"Gent, Kluizendok",BL27,Oost-Vlaanderen,51.1666666666667,3.78333333333333,"Pied Avocet, white ring with 4 letters (first=E)",Pied Avocet,4560,26244,6904,W-EAAP,LBWN(EAAP),U,2010,pullus,N,Y,alive and healthy,,842,Geert Spanoghe,,2019-05-21,trusted,,x,unknown or unrecorded
607807,98162,2013-06-06,,"Beveren, Doelpolder Noord: eiland",BL27,Oost-Vlaanderen,51.3283333333333,4.23638888888889,"Pied Avocet, white ring with 4 letters (first=E)",Pied Avocet,4560,26178,869,W-EAHJ,LBWN(EAHJ),U,2012,pullus,N,Y,alive and healthy,INBO original notes:  mogelijks late broeder.,3985,Björn Deduytsche,,2019-05-21,trusted,,x,unknown or unrecorded
607805,105547,2013-06-01,,"Kieldrecht, Putten West: eiland",BL27,Oost-Vlaanderen,51.2922222222222,4.20305555555556,"Pied Avocet, white ring with 4 letters (first=E)",Pied Avocet,4560,26178,869,W-EAHJ,LBWN(EAHJ),U,2012,pullus,N,Y,alive and healthy,,842,Geert Spanoghe,,2019-05-21,trusted,,x,unknown or unrecorded
607821,97585,2013-06-01,,"Gent, Kluizendok",BL27,Oost-Vlaanderen,51.1666666666667,3.78333333333333,"Pied Avocet, white ring with 4 letters (first=E)",Pied Avocet,4560,26180,871,W-EAHM,LBWN(EAHM),U,2012,pullus,N,Y,alive and healthy,,4454,Koen Lepla,,2019-05-21,trusted,,x,unknown or unrecorded
607986,97584,2013-06-01,,"Gent, Kluizendok",BL27,Oost-Vlaanderen,51.1666666666667,3.78333333333333,"Pied Avocet, white ring with 4 letters (first=E)",Pied Avocet,4560,26244,6904,W-EAAP,LBWN(EAAP),U,2010,pullus,N,Y,alive and healthy,,4454,Koen Lepla,,2019-05-21,trusted,,x,unknown or unrecorded
1099525,134435,2013-05-15,,"Beveren, Prosperpolder Noord",BL27,Oost-Vlaanderen,51.3322222222222,4.23777777777778,"Pied Avocet, white ring with 4 letters (first=E)",Pied Avocet,4560,26192,2381,W-EAAX,LBWN(EAAX),F,,>4 cy,Y,Y,alive and healthy,,3845,Lyndon Kearsley,,2020-10-14,trusted,,x,unknown or unrecorded
1106621,93434,2013-02-19,,"L'Ile-d'Olonne, Réserve de Chanteloup",FR39,Vendée,46.55,-1.78333333333333,"Pied Avocet, white ring with 4 letters (first=E)",Pied Avocet,4560,26243,6903,W-EAAN,LBWN(EAAN),U,2010,pullus,N,Y,alive and healthy,,1198,Michel Fouquet,,2020-10-15,trusted,,x,unknown or unrecorded
1106490,83536,2012-10-23,,"Scherpenisse, Scherpenissepolder",NL18,Zeeland,51.5255555555556,4.11972222222222,"Pied Avocet, white ring with 4 letters (first=E)",Pied Avocet,4560,26232,6809,W-EAKK,LBWN(EAKK),U,2010,pullus,N,Y,alive and healthy,INBO original notes:  een 70-tal Kluten.,2085,Raf Vervoort,,2020-10-15,trusted,,x,unknown or unrecorded
607794,83442,2012-10-20,,Paimboeuf,FR37,Loire-Atlantique,47.2866666666667,-2.01527777777778,"Pied Avocet, white ring with 4 letters (first=E)",Pied Avocet,4560,26176,867,W-EAHE,LBWN(EAHE),U,2012,pullus,N,Y,alive and healthy,,3934,Frédéric Fonteneau,,2019-05-21,trusted,,x,unknown or unrecorded
607798,83139,2012-10-06,,"Termunten, Breebaartpolder",NL07,Groningen,53.2916666666667,7.075,"Pied Avocet, white ring with 4 letters (first=E)",Pied Avocet,4560,26177,868,W-EAHH,LBWN(EAHH),U,2012,pullus,N,Y,alive and healthy,,912,Caroline Walta,,2019-05-21,trusted,,x,unknown or unrecorded
607799,81413,2012-09-21,,"Termunten, Breebaartpolder",NL07,Groningen,53.2916666666667,7.075,"Pied Avocet, white ring with 4 letters (first=E)",Pied Avocet,4560,26177,868,W-EAHH,LBWN(EAHH),U,2012,pullus,N,Y,alive and healthy,,5099,Lukas Pelikan,,2019-05-21,trusted,,x,unknown or unrecorded
607797,83140,2012-09-08,,"Termunten, Breebaartpolder",NL07,Groningen,53.2916666666667,7.075,"Pied Avocet, white ring with 4 letters (first=E)",Pied Avocet,4560,26177,868,W-EAHH,LBWN(EAHH),U,2012,pullus,N,Y,alive and healthy,,2102,Willem Wind,,2019-05-21,trusted,,x,unknown or unrecorded
1106615,82749,2012-09-05,,Pera,PO08,Faro,37.0952777777778,-8.33138888888889,"Pied Avocet, white ring with 4 letters (first=E)",Pied Avocet,4560,26242,6902,W-EAAM,LBWN(EAAM),U,2010,pullus,N,Y,alive and healthy,,36,Stef Waasdorp,,2020-10-15,trusted,,x,unknown or unrecorded
607979,79772,2012-08-22,,"Gent, Kluizendok",BL27,Oost-Vlaanderen,51.1666666666667,3.78333333333333,"Pied Avocet, white ring with 4 letters (first=E)",Pied Avocet,4560,26244,6904,W-EAAP,LBWN(EAAP),U,2010,pullus,N,Y,alive and healthy,INBO original notes:  summering bird.,842,Geert Spanoghe,,2019-05-21,trusted,,x,unknown or unrecorded
607822,21269,2012-08-20,,"Lillo, Potpolder: FCT",BL20,Antwerpen,51.302,4.296,"Pied Avocet, white ring with 4 letters (first=E)",Pied Avocet,4560,26181,873,W-EAKU,LBWN(EAKU),F,,>4 cy,N,Y,alive and healthy,,842,Geert Spanoghe,,2019-05-21,trusted,,x,breeding bird
1106489,79892,2012-08-17,,"Scherpenisse, Scherpenissepolder",NL18,Zeeland,51.5255555555556,4.11972222222222,"Pied Avocet, white ring with 4 letters (first=E)",Pied Avocet,4560,26232,6809,W-EAKK,LBWN(EAKK),U,2010,pullus,N,Y,alive and healthy,,2085,Raf Vervoort,,2020-10-15,trusted,,x,unknown or unrecorded
607810,79785,2012-07-17,,"Gent, Kluizendok",BL27,Oost-Vlaanderen,51.1666666666667,3.78333333333333,"Pied Avocet, white ring with 4 letters (first=E)",Pied Avocet,4560,26179,870,W-EAHK,LBWN(EAHK),U,2012,pullus,Y,Y,alive and healthy,,842,Geert Spanoghe,,2019-05-21,trusted,,x,not applicable (chick)
607818,79784,2012-07-17,,"Gent, Kluizendok",BL27,Oost-Vlaanderen,51.1666666666667,3.78333333333333,"Pied Avocet, white ring with 4 letters (first=E)",Pied Avocet,4560,26180,871,W-EAHM,LBWN(EAHM),U,2012,pullus,Y,Y,alive and healthy,,842,Geert Spanoghe,,2019-05-21,trusted,,x,not applicable (chick)
607964,78978,2012-07-03,,"beveren, Prosperpolder Noord",BL27,Oost-Vlaanderen,51.3322222222222,4.23777777777778,"Pied Avocet, white ring with 4 letters (first=E)",Pied Avocet,4560,26239,6816,W-EAKT,LBWN(EAKT),U,2010,pullus,N,Y,alive and healthy,,842,Geert Spanoghe,,2019-05-21,trusted,,x,unknown or unrecorded
607796,79899,2012-06-25,,"Beveren, Prosperpolder Noord",BL27,Oost-Vlaanderen,51.3322222222222,4.23777777777778,"Pied Avocet, white ring with 4 letters (first=E)",Pied Avocet,4560,26177,868,W-EAHH,LBWN(EAHH),U,2012,pullus,N,Y,alive and healthy,,842,Geert Spanoghe,,2019-05-21,trusted,,x,not applicable (chick)
607803,79786,2012-06-25,,"Beveren, prosper noord",BL27,Oost-Vlaanderen,51.3316666666667,4.225,"Pied Avocet, white ring with 4 letters (first=E)",Pied Avocet,4560,26178,869,W-EAHJ,LBWN(EAHJ),U,2012,pullus,N,Y,alive and healthy,,842,Geert Spanoghe,,2019-05-21,trusted,,x,not applicable (chick)
607802,79782,2012-06-18,,"Beveren, prosper noord",BL27,Oost-Vlaanderen,51.3316666666667,4.225,"Pied Avocet, white ring with 4 letters (first=E)",Pied Avocet,4560,26178,869,W-EAHJ,LBWN(EAHJ),U,2012,pullus,Y,Y,alive and healthy,,842,Geert Spanoghe,,2019-05-21,trusted,,x,not applicable (chick)
607793,79780,2012-06-15,,"Beveren, Prosperpolder Noord",BL27,Oost-Vlaanderen,51.3322222222222,4.23777777777778,"Pied Avocet, white ring with 4 letters (first=E)",Pied Avocet,4560,26176,867,W-EAHE,LBWN(EAHE),U,2012,pullus,Y,Y,alive and healthy,,842,Geert Spanoghe,,2019-05-21,trusted,,x,not applicable (chick)
607795,79781,2012-06-15,,"Beveren, Prosperpolder Noord",BL27,Oost-Vlaanderen,51.3322222222222,4.23777777777778,"Pied Avocet, white ring with 4 letters (first=E)",Pied Avocet,4560,26177,868,W-EAHH,LBWN(EAHH),U,2012,pullus,Y,Y,alive and healthy,,842,Geert Spanoghe,,2019-05-21,trusted,,x,not applicable (chick)
607978,79064,2012-06-08,,"Gent, Kluizendok",BL27,Oost-Vlaanderen,51.1666666666667,3.78333333333333,"Pied Avocet, white ring with 4 letters (first=E)",Pied Avocet,4560,26244,6904,W-EAAP,LBWN(EAAP),U,2010,pullus,N,Y,alive and healthy,,842,Geert Spanoghe,,2019-05-21,trusted,,x,unknown or unrecorded
608002,95593,2012-03-02,,"Silla, PN de l'Albufera: Raco de l'Olla",ES44,Valencia,39.3333333333333,-0.333333333333333,"Pied Avocet, white ring with 4 letters (first=E)",Pied Avocet,4560,26252,6912,W-EAKH,LBWN(EAKH),U,2010,pullus,N,Y,alive and healthy,INBO original notes:  PN l'Albufera.,5100,J.I. Dies,,2019-05-21,trusted,,x,unknown or unrecorded
607997,77946,2012-02-24,,"Noyalo, Rivière de Noyalo",FR24,Loiret,47.6061111111111,2.69583333333333,"Pied Avocet, white ring with 4 letters (first=E)",Pied Avocet,4560,26251,6911,W-EAKE,LBWN(EAKE),U,2010,pullus,N,Y,alive and healthy,,480,François Le Gall,,2019-05-21,trusted,,x,unknown or unrecorded
607996,77945,2012-02-21,,"Noyalo, Rivière de Noyalo",FR24,Loiret,47.6061111111111,2.69583333333333,"Pied Avocet, white ring with 4 letters (first=E)",Pied Avocet,4560,26251,6911,W-EAKE,LBWN(EAKE),U,2010,pullus,N,Y,alive and healthy,,480,François Le Gall,,2019-05-21,trusted,,x,unknown or unrecorded
608001,95590,2012-02-06,,"Silla, PN de l'Albufera: Raco de l'Olla",ES44,Valencia,39.3666666666667,-0.333333333333333,"Pied Avocet, white ring with 4 letters (first=E)",Pied Avocet,4560,26252,6912,W-EAKH,LBWN(EAKH),U,2010,pullus,N,Y,alive and healthy,INBO original notes:  PN l'Albufera.,5100,J.I. Dies,,2019-05-21,trusted,,x,unknown or unrecorded
607998,79900,2011-07-14,,"Doel, Paardenschor",BL27,Oost-Vlaanderen,51.3341666666667,4.25305555555556,"Pied Avocet, white ring with 4 letters (first=E)",Pied Avocet,4560,26251,6911,W-EAKE,LBWN(EAKE),U,2010,pullus,N,Y,alive and healthy,,842,Geert Spanoghe,,2019-05-21,trusted,,x,unknown or unrecorded
1106497,117945,2011-07-05,,"Moëze, Reserve de Moëze",FR31,Charente-Maritime,45.8963888888889,-1.07972222222222,"Pied Avocet, white ring with 4 letters (first=E)",Pied Avocet,4560,26234,6811,W-EAKM,LBWN(EAKM),U,2010,pullus,N,Y,alive and healthy,,3211,Loïc Jomat,,2020-10-15,trusted,,x,unknown or unrecorded
1106493,66557,2011-05-25,,"L'Ile d' Olonne, Réserve de Chanteloup",FR39,Vendée,46.55,-1.78333333333333,"Pied Avocet, white ring with 4 letters (first=E)",Pied Avocet,4560,26233,6810,W-EAKL,LBWN(EAKL),U,2010,pullus,N,Y,alive and healthy,INBO original notes:  michel.fouquet79@laposte.net.,1198,Michel Fouquet,,2020-10-15,trusted,,x,unknown or unrecorded
607823,79880,2011-05-05,,"Beveren, Steenlandpolder",BL27,Oost-Vlaanderen,51.255,4.261,"Pied Avocet, white ring with 4 letters (first=E)",Pied Avocet,4560,26181,873,W-EAKU,LBWN(EAKU),F,,>4 cy,Y,Y,alive and healthy,"INBO original notes:  laatste van drie broedende wijfjes, daarna gebied verlaten !!!.",842,Geert Spanoghe,,2019-05-21,trusted,,x,unknown or unrecorded
607789,60229,2010-09-15,,"Doel, Paardenschor",BL27,Oost-Vlaanderen,51.3344444444444,4.25194444444444,"Pied Avocet, white ring with 4 letters (first=E)",Pied Avocet,4560,26174,736,W-EAAE,LBWN(EAAE),U,2010,pullus,N,Y,alive and healthy,,842,Geert Spanoghe,,2019-05-21,trusted,,x,unknown or unrecorded
607788,60228,2010-09-13,,"Doel, Paardenschor",BL27,Oost-Vlaanderen,51.3344444444444,4.25194444444444,"Pied Avocet, white ring with 4 letters (first=E)",Pied Avocet,4560,26174,736,W-EAAE,LBWN(EAAE),U,2010,pullus,N,Y,alive and healthy,,842,Geert Spanoghe,,2019-05-21,trusted,,x,unknown or unrecorded
607995,60237,2010-09-10,,"Billiers, Banc de Strado",FR38,Morbihan,47.5063888888889,-2.51111111111111,"Pied Avocet, white ring with 4 letters (first=E)",Pied Avocet,4560,26251,6911,W-EAKE,LBWN(EAKE),U,2010,pullus,N,Y,alive and healthy,,480,François Le Gall,,2019-05-21,trusted,,x,unknown or unrecorded
607787,60227,2010-08-27,,"Doel, Doeldok",BL27,Oost-Vlaanderen,51.2963888888889,4.24472222222222,"Pied Avocet, white ring with 4 letters (first=E)",Pied Avocet,4560,26174,736,W-EAAE,LBWN(EAAE),U,2010,pullus,N,Y,alive and healthy,,842,Geert Spanoghe,,2019-05-21,trusted,,x,unknown or unrecorded
607977,60232,2010-08-27,,"Doel, Doeldok",BL27,Oost-Vlaanderen,51.2963888888889,4.24472222222222,"Pied Avocet, white ring with 4 letters (first=E)",Pied Avocet,4560,26244,6904,W-EAAP,LBWN(EAAP),U,2010,pullus,N,Y,alive and healthy,,842,Geert Spanoghe,,2019-05-21,trusted,,x,unknown or unrecorded
607791,60226,2010-08-26,,"Kieldrecht, Putten Plas",BL27,Oost-Vlaanderen,51.2816666666667,4.21666666666667,"Pied Avocet, white ring with 4 letters (first=E)",Pied Avocet,4560,26174,736,W-EAAE,LBWN(EAAE),U,2010,pullus,N,Y,alive and healthy,,3985,Björn Deduytsche,,2019-05-21,trusted,,x,unknown or unrecorded
607976,60231,2010-08-26,,"Kieldrecht, Putten Plas",BL27,Oost-Vlaanderen,51.2816666666667,4.21666666666667,"Pied Avocet, white ring with 4 letters (first=E)",Pied Avocet,4560,26244,6904,W-EAAP,LBWN(EAAP),U,2010,pullus,N,Y,alive and healthy,,842,Geert Spanoghe,,2019-05-21,trusted,,x,unknown or unrecorded
1106488,60233,2010-08-24,,"Kallo, Groot Rietveld",BL27,Oost-Vlaanderen,51.2458333333333,4.29555555555556,"Pied Avocet, white ring with 4 letters (first=E)",Pied Avocet,4560,26232,6809,W-EAKK,LBWN(EAKK),U,2010,pullus,N,Y,alive and healthy,,842,Geert Spanoghe,,2020-10-15,trusted,,x,unknown or unrecorded
1106492,60234,2010-08-24,,"Kallo, Groot Rietveld",BL27,Oost-Vlaanderen,51.2458333333333,4.29555555555556,"Pied Avocet, white ring with 4 letters (first=E)",Pied Avocet,4560,26233,6810,W-EAKL,LBWN(EAKL),U,2010,pullus,N,Y,alive and healthy,,842,Geert Spanoghe,,2020-10-15,trusted,,x,unknown or unrecorded
1106496,60235,2010-08-24,,"Kallo, Groot Rietveld",BL27,Oost-Vlaanderen,51.2458333333333,4.29555555555556,"Pied Avocet, white ring with 4 letters (first=E)",Pied Avocet,4560,26234,6811,W-EAKM,LBWN(EAKM),U,2010,pullus,N,Y,alive and healthy,,842,Geert Spanoghe,,2020-10-15,trusted,,x,unknown or unrecorded
1106495,60238,2010-08-19,,"Kallo, Groot Rietveld",BL27,Oost-Vlaanderen,51.2458333333333,4.29555555555556,"Pied Avocet, white ring with 4 letters (first=E)",Pied Avocet,4560,26234,6811,W-EAKM,LBWN(EAKM),U,2010,pullus,N,Y,alive and healthy,INBO original notes:  met 2 andere gekleurringden.,4259,Geert Daems,,2020-10-15,trusted,,x,unknown or unrecorded
607958,60236,2010-08-18,,"Kieldrecht, Putten Plas",BL27,Oost-Vlaanderen,51.2816666666667,4.21666666666667,"Pied Avocet, white ring with 4 letters (first=E)",Pied Avocet,4560,26235,6812,W-EAKN,LBWN(EAKN),U,2010,pullus,N,Y,alive and healthy,,842,Geert Spanoghe,,2019-05-21,trusted,,x,unknown or unrecorded
1106613,60230,2010-08-18,,"Kieldrecht, Putten Plas",BL27,Oost-Vlaanderen,51.2816666666667,4.21666666666667,"Pied Avocet, white ring with 4 letters (first=E)",Pied Avocet,4560,26241,6901,W-EAAL,LBWN(EAAL),U,2010,pullus,N,Y,alive and healthy,,842,Geert Spanoghe,,2020-10-15,trusted,,x,unknown or unrecorded
607786,60225,2010-08-04,,"Kallo, Steenlandpolder",BL27,Oost-Vlaanderen,51.2458333333333,4.27944444444444,"Pied Avocet, white ring with 4 letters (first=E)",Pied Avocet,4560,26174,736,W-EAAE,LBWN(EAAE),U,2010,pullus,N,Y,alive and healthy,,842,Geert Spanoghe,,2019-05-21,trusted,,x,unknown or unrecorded
607785,60224,2010-08-03,,"Kallo, Steenlandpolder",BL27,Oost-Vlaanderen,51.2458333333333,4.27944444444444,"Pied Avocet, white ring with 4 letters (first=E)",Pied Avocet,4560,26174,736,W-EAAE,LBWN(EAAE),U,2010,pullus,N,Y,alive and healthy,,842,Geert Spanoghe,,2019-05-21,trusted,,x,unknown or unrecorded
607985,60203,2010-07-15,,"Doel, Doeldok",BL27,Oost-Vlaanderen,51.2963888888889,4.24472222222222,"Pied Avocet, white ring with 4 letters (first=E)",Pied Avocet,4560,26244,6904,W-EAAP,LBWN(EAAP),U,2010,pullus,Y,Y,alive and healthy,,3845,Lyndon Kearsley,,2019-05-21,trusted,,x,not applicable (chick)
607987,60204,2010-07-15,,"Doel, Doeldok",BL27,Oost-Vlaanderen,51.2963888888889,4.24472222222222,"Pied Avocet, white ring with 4 letters (first=E)",Pied Avocet,4560,26245,6905,W-EAAR,LBWN(EAAR),U,2010,pullus,Y,Y,alive and healthy,,3845,Lyndon Kearsley,,2019-05-21,trusted,,x,not applicable (chick)
607988,60205,2010-07-15,,"Doel, Doeldok",BL27,Oost-Vlaanderen,51.2963888888889,4.24472222222222,"Pied Avocet, white ring with 4 letters (first=E)",Pied Avocet,4560,26246,6906,W-EAAS,LBWN(EAAS),U,2010,pullus,Y,Y,alive and healthy,,3845,Lyndon Kearsley,,2019-05-21,trusted,,x,not applicable (chick)
607989,60206,2010-07-15,,"Doel, Doeldok",BL27,Oost-Vlaanderen,51.2963888888889,4.24472222222222,"Pied Avocet, white ring with 4 letters (first=E)",Pied Avocet,4560,26247,6907,W-EAAT,LBWN(EAAT),U,2010,pullus,Y,Y,alive and healthy,,3845,Lyndon Kearsley,,2019-05-21,trusted,,x,not applicable (chick)
607992,60207,2010-07-15,,"Doel, Doeldok",BL27,Oost-Vlaanderen,51.2963888888889,4.24472222222222,"Pied Avocet, white ring with 4 letters (first=E)",Pied Avocet,4560,26248,6908,W-EAAU,LBWN(EAAU),U,2010,pullus,Y,Y,alive and healthy,,3845,Lyndon Kearsley,,2019-05-21,trusted,,x,not applicable (chick)
607993,60208,2010-07-15,,"Doel, Doeldok",BL27,Oost-Vlaanderen,51.2963888888889,4.24472222222222,"Pied Avocet, white ring with 4 letters (first=E)",Pied Avocet,4560,26249,6909,W-EAAV,LBWN(EAAV),U,2010,pullus,Y,Y,alive and healthy,,3845,Lyndon Kearsley,,2019-05-21,trusted,,x,not applicable (chick)
1106609,60198,2010-07-15,,"Doel, Doeldok",BL27,Oost-Vlaanderen,51.2963888888889,4.24472222222222,"Pied Avocet, white ring with 4 letters (first=E)",Pied Avocet,4560,26240,6900,W-EAAK,LBWN(EAAK),U,2010,pullus,Y,Y,alive and healthy,,3845,Lyndon Kearsley,,2020-10-15,trusted,,x,not applicable (chick)
1106612,60199,2010-07-15,,"Doel, Doeldok",BL27,Oost-Vlaanderen,51.2963888888889,4.24472222222222,"Pied Avocet, white ring with 4 letters (first=E)",Pied Avocet,4560,26241,6901,W-EAAL,LBWN(EAAL),U,2010,pullus,Y,Y,alive and healthy,,3845,Lyndon Kearsley,,2020-10-15,trusted,,x,not applicable (chick)
1106614,60200,2010-07-15,,"Doel, Doeldok",BL27,Oost-Vlaanderen,51.2963888888889,4.24472222222222,"Pied Avocet, white ring with 4 letters (first=E)",Pied Avocet,4560,26242,6902,W-EAAM,LBWN(EAAM),U,2010,pullus,Y,Y,alive and healthy,,3845,Lyndon Kearsley,,2020-10-15,trusted,,x,not applicable (chick)
1106620,79884,2010-07-15,,"Beveren, Doelpolder Noord",BL27,Oost-Vlaanderen,51.3283333333333,4.23638888888889,"Pied Avocet, white ring with 4 letters (first=E)",Pied Avocet,4560,26243,6903,W-EAAN,LBWN(EAAN),U,2010,pullus,Y,Y,alive and healthy,,3845,Lyndon Kearsley,,2020-10-15,trusted,,x,not applicable (chick)
607957,60210,2010-07-14,,"Doel, Doeldok",BL27,Oost-Vlaanderen,51.2963888888889,4.24472222222222,"Pied Avocet, white ring with 4 letters (first=E)",Pied Avocet,4560,26235,6812,W-EAKN,LBWN(EAKN),U,2010,pullus,Y,Y,alive and healthy,,842,Geert Spanoghe,,2019-05-21,trusted,,x,not applicable (chick)
607960,60211,2010-07-14,,"Doel, Doeldok",BL27,Oost-Vlaanderen,51.2963888888889,4.24472222222222,"Pied Avocet, white ring with 4 letters (first=E)",Pied Avocet,4560,26236,6813,W-EAKP,LBWN(EAKP),U,2010,pullus,Y,Y,alive and healthy,,842,Geert Spanoghe,,2019-05-21,trusted,,x,not applicable (chick)
607961,60212,2010-07-14,,"Doel, Doeldok",BL27,Oost-Vlaanderen,51.2963888888889,4.24472222222222,"Pied Avocet, white ring with 4 letters (first=E)",Pied Avocet,4560,26237,6814,W-EAKR,LBWN(EAKR),U,2010,pullus,Y,Y,alive and healthy,,842,Geert Spanoghe,,2019-05-21,trusted,,x,not applicable (chick)
607962,60213,2010-07-14,,"Doel, Doeldok",BL27,Oost-Vlaanderen,51.2963888888889,4.24472222222222,"Pied Avocet, white ring with 4 letters (first=E)",Pied Avocet,4560,26238,6815,W-EAKS,LBWN(EAKS),U,2010,pullus,Y,Y,alive and healthy,,842,Geert Spanoghe,,2019-05-21,trusted,,x,not applicable (chick)
607963,60220,2010-07-14,,"Kallo, Rietveld Kallo",BL27,Oost-Vlaanderen,51.2458333333333,4.27944444444444,"Pied Avocet, white ring with 4 letters (first=E)",Pied Avocet,4560,26239,6816,W-EAKT,LBWN(EAKT),U,2010,pullus,Y,Y,alive and healthy,,842,Geert Spanoghe,,2019-05-21,trusted,,x,not applicable (chick)
607782,58493,2010-07-09,,"Kallo, Rietveld Kallo",BL27,Oost-Vlaanderen,51.2458333333333,4.27944444444444,"Pied Avocet, white ring with 4 letters (first=E)",Pied Avocet,4560,26173,735,W-EAAA,LBWN(EAAA),U,2010,pullus,N,Y,alive and healthy,,842,Geert Spanoghe,,2019-05-21,trusted,,x,not applicable (chick)
607784,60223,2010-07-09,,"Kallo, Rietveld Kallo",BL27,Oost-Vlaanderen,51.2458333333333,4.27944444444444,"Pied Avocet, white ring with 4 letters (first=E)",Pied Avocet,4560,26174,736,W-EAAE,LBWN(EAAE),U,2010,pullus,N,Y,alive and healthy,,842,Geert Spanoghe,,2019-05-21,trusted,,x,not applicable (chick)
607994,60214,2010-07-09,,"Kieldrecht, Putten Plas",BL27,Oost-Vlaanderen,51.2816666666667,4.21666666666667,"Pied Avocet, white ring with 4 letters (first=E)",Pied Avocet,4560,26250,6910,W-EAKA,LBWN(EAKA),U,2010,pullus,Y,Y,alive and healthy,,1692,Geert De Smet,,2019-05-21,trusted,,x,not applicable (chick)
608000,60215,2010-07-09,,"Kieldrecht, Putten Plas",BL27,Oost-Vlaanderen,51.2816666666667,4.21666666666667,"Pied Avocet, white ring with 4 letters (first=E)",Pied Avocet,4560,26252,6912,W-EAKH,LBWN(EAKH),U,2010,pullus,Y,Y,alive and healthy,,1692,Geert De Smet,,2019-05-21,trusted,,x,not applicable (chick)
1106486,60209,2010-07-09,,"Doel, Doeldok",BL27,Oost-Vlaanderen,51.2963888888889,4.24472222222222,"Pied Avocet, white ring with 4 letters (first=E)",Pied Avocet,4560,26231,6808,W-EAKJ,LBWN(EAKJ),U,2010,pullus,Y,Y,alive and healthy,,1692,Geert De Smet,,2020-10-15,trusted,,x,not applicable (chick)
1106487,60218,2010-07-09,,"Kallo, Rietveld Kallo",BL27,Oost-Vlaanderen,51.2458333333333,4.27944444444444,"Pied Avocet, white ring with 4 letters (first=E)",Pied Avocet,4560,26232,6809,W-EAKK,LBWN(EAKK),U,2010,pullus,Y,Y,alive and healthy,,1692,Geert De Smet,,2020-10-15,trusted,,x,not applicable (chick)
1106491,60219,2010-07-09,,"Kallo, Rietveld Kallo",BL27,Oost-Vlaanderen,51.2458333333333,4.27944444444444,"Pied Avocet, white ring with 4 letters (first=E)",Pied Avocet,4560,26233,6810,W-EAKL,LBWN(EAKL),U,2010,pullus,Y,Y,alive and healthy,,1692,Geert De Smet,,2020-10-15,trusted,,x,not applicable (chick)
607783,56599,2010-07-04,,"Kallo, Rietveld Kallo",BL27,Oost-Vlaanderen,51.2458333333333,4.27944444444444,"Pied Avocet, white ring with 4 letters (first=E)",Pied Avocet,4560,26173,735,W-EAAA,LBWN(EAAA),U,2010,pullus,Y,Y,alive and healthy,,1692,Geert De Smet,,2019-05-21,trusted,,x,not applicable (chick)
607790,60179,2010-07-04,,"Kallo, Rietveld Kallo",BL27,Oost-Vlaanderen,51.2458333333333,4.27944444444444,"Pied Avocet, white ring with 4 letters (first=E)",Pied Avocet,4560,26174,736,W-EAAE,LBWN(EAAE),U,2010,pullus,Y,Y,alive and healthy,,1692,Geert De Smet,,2019-05-21,trusted,,x,not applicable (chick)
607792,60196,2010-07-04,,"Kallo, Rietveld Kallo",BL27,Oost-Vlaanderen,51.2458333333333,4.27944444444444,"Pied Avocet, white ring with 4 letters (first=E)",Pied Avocet,4560,26175,816,W-EAAJ,LBWN(EAAJ),U,2010,pullus,Y,Y,alive and healthy,,1692,Geert De Smet,,2019-05-21,trusted,,x,not applicable (chick)
607999,134436,2010-06-15,,"Beveren, Doelpolder Noord",BL27,Oost-Vlaanderen,51.3283333333333,4.23638888888889,"Pied Avocet, white ring with 4 letters (first=E)",Pied Avocet,4560,26251,6911,W-EAKE,LBWN(EAKE),U,2010,pullus,Y,Y,alive and healthy,,842,Geert Spanoghe,,2019-05-21,trusted,,x,not applicable (chick)
1106494,134437,2010-06-15,,"Beveren, Rietveld Kallo",BL27,Oost-Vlaanderen,51.25,4.28333333333333,"Pied Avocet, white ring with 4 letters (first=E)",Pied Avocet,4560,26234,6811,W-EAKM,LBWN(EAKM),U,2010,pullus,Y,Y,alive and healthy,,842,Geert Spanoghe,,2020-10-15,trusted,,x,not applicable (chick)
